date,color,decksBefore,numbefore,pct_of_decks
2017-12-03,red,22,44,50
2017-12-04,red,22,46,47.82608695652174
2017-12-05,red,24,49,48.97959183673469
2017-12-07,red,25,50,50
2017-12-10,red,26,51,50.98039215686274
2017-12-14,red,27,52,51.92307692307692
2017-12-15,red,28,53,52.83018867924528
2017-12-16,red,30,55,54.54545454545455
2017-12-17,red,33,58,56.89655172413793
2017-12-18,red,33,59,55.932203389830505
2017-12-20,red,34,60,56.666666666666664
2017-12-22,red,35,61,57.377049180327866
2017-12-23,red,36,62,58.064516129032256
2017-12-25,red,39,65,60
2017-12-28,red,40,66,60.60606060606061
2017-12-29,red,41,67,61.19402985074627
2017-12-30,red,41,68,60.294117647058826
2018-01-01,red,41,69,59.42028985507246
2018-01-04,red,42,70,60
2018-01-05,red,43,72,59.72222222222222
2018-01-09,red,43,73,58.9041095890411
2018-01-15,red,43,75,57.333333333333336
2018-01-20,red,44,77,57.142857142857146
2018-01-21,red,46,80,57.5
2018-01-25,red,46,81,56.79012345679013
2018-01-27,red,46,82,56.09756097560975
2018-02-03,red,46,83,55.42168674698795
2018-02-05,red,46,84,54.76190476190476
2018-02-08,red,47,85,55.294117647058826
2018-02-09,red,47,86,54.651162790697676
2018-02-10,red,48,87,55.172413793103445
2018-02-11,red,48,89,53.93258426966292
2018-02-17,red,49,90,54.44444444444444
2018-02-23,red,49,92,53.26086956521739
2018-02-24,red,50,93,53.763440860215056
2018-02-25,red,50,94,53.191489361702125
2018-03-03,red,50,95,52.63157894736842
2018-03-04,red,50,96,52.083333333333336
2018-03-09,red,50,97,51.54639175257732
2018-03-10,red,51,99,51.515151515151516
2018-03-11,red,51,100,51
2018-03-17,red,52,105,49.523809523809526
2018-03-23,red,53,106,50
2018-03-24,red,53,109,48.62385321100918
2018-03-25,red,53,111,47.747747747747745
2018-03-28,red,54,112,48.214285714285715
2018-03-31,red,56,114,49.12280701754386
2018-04-01,red,57,118,48.30508474576271
2018-04-02,red,57,119,47.89915966386555
2018-04-04,red,58,120,48.333333333333336
2018-04-07,red,59,123,47.96747967479675
2018-04-08,red,61,125,48.8
2018-04-11,red,62,126,49.20634920634921
2018-04-12,red,63,127,49.60629921259842
2018-04-14,red,64,129,49.6124031007752
2018-04-15,red,64,130,49.23076923076923
2018-04-16,red,64,131,48.85496183206107
2018-04-17,red,65,133,48.87218045112782
2018-04-21,red,67,135,49.629629629629626
2018-04-22,red,70,138,50.72463768115942
2018-04-27,red,71,140,50.714285714285715
2018-04-28,red,72,142,50.70422535211268
2018-05-01,red,72,144,50
2018-05-03,red,72,145,49.6551724137931
2018-05-12,red,73,146,50
2018-05-13,red,74,148,50
2018-05-19,red,76,152,50
2018-05-20,red,77,153,50.326797385620914
2018-05-25,red,78,154,50.64935064935065
2018-05-26,red,80,156,51.282051282051285
2018-05-31,red,80,157,50.955414012738856
2018-06-01,red,81,159,50.943396226415096
2018-06-02,red,83,161,51.5527950310559
2018-06-03,red,83,162,51.23456790123457
2018-06-04,red,84,163,51.533742331288344
2018-06-05,red,84,164,51.21951219512195
2018-06-06,red,84,166,50.602409638554214
2018-06-08,red,86,168,51.19047619047619
2018-06-09,red,88,170,51.76470588235294
2018-06-10,red,89,171,52.046783625730995
2018-06-11,red,90,172,52.325581395348834
2018-06-13,red,90,174,51.724137931034484
2018-06-16,red,90,176,51.13636363636363
2018-06-17,red,91,177,51.41242937853107
2018-06-20,red,92,178,51.68539325842696
2018-06-22,red,93,179,51.95530726256983
2018-06-23,red,93,182,51.0989010989011
2018-06-24,red,94,183,51.36612021857923
2018-06-30,red,96,186,51.61290322580645
2018-07-01,red,96,188,51.06382978723404
2018-07-04,red,98,190,51.578947368421055
2018-07-06,red,99,192,51.5625
2018-07-07,red,100,194,51.54639175257732
2018-07-08,red,100,195,51.282051282051285
2018-07-09,red,101,196,51.53061224489796
2018-07-10,red,102,197,51.776649746192895
2018-07-11,red,102,199,51.256281407035175
2018-07-12,red,102,200,51
2018-07-14,red,103,203,50.73891625615764
2018-07-15,red,104,205,50.73170731707317
2018-07-16,red,104,206,50.48543689320388
2018-07-19,red,105,207,50.72463768115942
2018-07-26,red,105,208,50.48076923076923
2018-07-27,red,106,211,50.23696682464455
2018-07-29,red,108,214,50.467289719626166
2018-07-30,red,108,215,50.23255813953488
2018-08-01,red,108,216,50
2018-08-04,red,109,218,50
2018-08-05,red,109,220,49.54545454545455
2018-08-10,red,110,222,49.549549549549546
2018-08-11,red,112,224,50
2018-08-12,red,112,226,49.557522123893804
2018-08-15,red,114,228,50
2018-08-18,red,115,229,50.21834061135371
2018-08-19,red,116,230,50.43478260869565
2018-08-20,red,116,231,50.21645021645022
2018-08-22,red,117,232,50.43103448275862
2018-08-23,red,117,233,50.21459227467811
2018-08-26,red,118,235,50.212765957446805
2018-08-28,red,120,238,50.42016806722689
2018-08-29,red,121,239,50.62761506276151
2018-08-30,red,121,241,50.20746887966805
2018-08-31,red,122,243,50.205761316872426
2018-09-01,red,124,247,50.202429149797574
2018-09-02,red,124,249,49.799196787148595
2018-09-05,red,124,250,49.6
2018-09-06,red,124,251,49.40239043824701
2018-09-08,red,124,253,49.01185770750988
2018-09-09,red,125,254,49.21259842519685
2018-09-10,red,126,256,49.21875
2018-09-12,red,127,259,49.034749034749034
2018-09-15,red,127,261,48.65900383141762
2018-09-16,red,129,264,48.86363636363637
2018-09-17,red,130,265,49.056603773584904
2018-09-19,red,131,266,49.24812030075188
2018-09-20,red,132,267,49.438202247191015
2018-09-21,red,133,268,49.62686567164179
2018-09-22,red,134,270,49.629629629629626
2018-09-23,red,135,271,49.81549815498155
2018-09-24,red,136,272,50
2018-09-25,red,137,273,50.18315018315018
2018-09-26,red,138,274,50.36496350364963
2018-09-27,red,138,275,50.18181818181818
2018-09-29,red,140,278,50.35971223021583
2018-09-30,red,141,280,50.357142857142854
2018-10-01,red,141,281,50.1779359430605
2018-10-04,red,142,282,50.354609929078016
2018-10-05,red,142,283,50.17667844522968
2018-10-06,red,142,284,50
2018-10-07,red,143,286,50
2018-10-08,red,143,287,49.825783972125436
2018-10-10,red,143,288,49.65277777777778
2018-10-11,red,143,289,49.48096885813149
2018-10-13,red,143,293,48.80546075085324
2018-10-14,red,145,296,48.986486486486484
2018-10-17,red,145,297,48.821548821548824
2018-10-19,red,146,299,48.82943143812709
2018-10-21,red,148,301,49.16943521594684
2018-10-23,red,148,302,49.00662251655629
2018-10-27,red,148,303,48.84488448844885
2018-10-28,red,148,304,48.68421052631579
2018-10-29,red,148,305,48.52459016393443
2018-10-30,red,148,306,48.366013071895424
2018-11-05,red,149,307,48.534201954397396
2018-11-06,red,150,308,48.701298701298704
2018-11-08,red,151,309,48.86731391585761
2018-11-12,red,152,313,48.56230031948882
2018-11-14,red,153,314,48.72611464968153
2018-11-18,red,153,316,48.41772151898734
2018-11-19,red,154,317,48.58044164037855
2018-11-22,red,154,319,48.275862068965516
2018-11-24,red,156,322,48.4472049689441
2018-11-29,red,157,323,48.60681114551084
2018-11-30,red,158,324,48.76543209876543
2018-12-05,red,136,279,48.74551971326165
2018-12-07,red,135,278,48.56115107913669
2018-12-09,red,134,278,48.201438848920866
2018-12-11,red,134,278,48.201438848920866
2018-12-13,red,135,279,48.38709677419355
2018-12-16,red,134,280,47.857142857142854
2018-12-19,red,130,275,47.27272727272727
2018-12-22,red,130,275,47.27272727272727
2018-12-23,red,131,276,47.46376811594203
2018-12-25,red,130,276,47.10144927536232
2018-12-26,red,127,275,46.18181818181818
2018-12-27,red,127,276,46.01449275362319
2018-12-28,red,128,279,45.878136200716845
2018-12-29,red,128,279,45.878136200716845
2019-01-01,red,127,282,45.0354609929078
2019-01-02,red,128,285,44.91228070175438
2019-01-05,red,127,285,44.56140350877193
2019-01-06,red,127,285,44.56140350877193
2019-01-09,red,128,286,44.75524475524475
2019-02-10,red,129,281,45.90747330960854
2019-02-17,red,128,279,45.878136200716845
2019-04-12,red,118,249,47.389558232931726
2019-04-28,red,110,237,46.413502109704645
2019-05-26,red,106,227,46.69603524229075
2019-05-28,red,105,226,46.46017699115044
2019-06-08,red,106,223,47.53363228699551
2019-06-16,red,104,223,46.63677130044843
2019-07-02,red,105,226,46.46017699115044
2019-07-07,red,105,229,45.851528384279476
2019-07-28,red,101,218,46.330275229357795
2019-08-18,red,99,216,45.833333333333336
2019-09-03,red,93,212,43.867924528301884
2019-09-15,red,95,217,43.77880184331797
2019-10-12,red,85,205,41.46341463414634
2020-01-12,red,80,190,42.10526315789474
2020-03-20,red,99,220,45
2020-04-25,red,113,251,45.0199203187251
2020-07-03,red,133,304,43.75
2020-09-12,red,160,341,46.9208211143695
2021-01-31,red,180,352,51.13636363636363
2017-12-03,blue,20,44,45.45454545454545
2017-12-04,blue,22,46,47.82608695652174
2017-12-05,blue,25,49,51.02040816326531
2017-12-07,blue,26,50,52
2017-12-10,blue,26,51,50.98039215686274
2017-12-14,blue,26,52,50
2017-12-15,blue,26,53,49.056603773584904
2017-12-16,blue,26,55,47.27272727272727
2017-12-17,blue,29,58,50
2017-12-18,blue,30,59,50.847457627118644
2017-12-20,blue,30,60,50
2017-12-22,blue,31,61,50.81967213114754
2017-12-23,blue,31,62,50
2017-12-25,blue,33,65,50.76923076923077
2017-12-28,blue,33,66,50
2017-12-29,blue,33,67,49.25373134328358
2017-12-30,blue,33,68,48.529411764705884
2018-01-01,blue,34,69,49.27536231884058
2018-01-04,blue,35,70,50
2018-01-05,blue,36,72,50
2018-01-09,blue,37,73,50.68493150684932
2018-01-15,blue,38,75,50.666666666666664
2018-01-20,blue,40,77,51.94805194805195
2018-01-21,blue,43,80,53.75
2018-01-25,blue,43,81,53.08641975308642
2018-01-27,blue,44,82,53.65853658536585
2018-02-03,blue,45,83,54.21686746987952
2018-02-05,blue,46,84,54.76190476190476
2018-02-08,blue,46,85,54.11764705882353
2018-02-09,blue,47,86,54.651162790697676
2018-02-10,blue,47,87,54.02298850574713
2018-02-11,blue,48,89,53.93258426966292
2018-02-17,blue,48,90,53.333333333333336
2018-02-23,blue,49,92,53.26086956521739
2018-02-24,blue,50,93,53.763440860215056
2018-02-25,blue,51,94,54.255319148936174
2018-03-03,blue,51,95,53.68421052631579
2018-03-04,blue,52,96,54.166666666666664
2018-03-09,blue,53,97,54.63917525773196
2018-03-10,blue,55,99,55.55555555555556
2018-03-11,blue,56,100,56
2018-03-17,blue,59,105,56.19047619047619
2018-03-23,blue,59,106,55.660377358490564
2018-03-24,blue,61,109,55.96330275229358
2018-03-25,blue,61,111,54.95495495495496
2018-03-28,blue,61,112,54.464285714285715
2018-03-31,blue,61,114,53.50877192982456
2018-04-01,blue,62,118,52.54237288135593
2018-04-02,blue,63,119,52.94117647058823
2018-04-04,blue,64,120,53.333333333333336
2018-04-07,blue,66,123,53.65853658536585
2018-04-08,blue,67,125,53.6
2018-04-11,blue,68,126,53.96825396825397
2018-04-12,blue,69,127,54.330708661417326
2018-04-14,blue,69,129,53.48837209302326
2018-04-15,blue,70,130,53.84615384615385
2018-04-16,blue,71,131,54.19847328244275
2018-04-17,blue,73,133,54.88721804511278
2018-04-21,blue,75,135,55.55555555555556
2018-04-22,blue,78,138,56.52173913043478
2018-04-27,blue,79,140,56.42857142857143
2018-04-28,blue,80,142,56.33802816901409
2018-05-01,blue,81,144,56.25
2018-05-03,blue,82,145,56.55172413793103
2018-05-12,blue,82,146,56.16438356164384
2018-05-13,blue,84,148,56.75675675675676
2018-05-19,blue,87,152,57.23684210526316
2018-05-20,blue,88,153,57.51633986928105
2018-05-25,blue,88,154,57.142857142857146
2018-05-26,blue,90,156,57.69230769230769
2018-05-31,blue,91,157,57.961783439490446
2018-06-01,blue,93,159,58.490566037735846
2018-06-02,blue,94,161,58.38509316770186
2018-06-03,blue,95,162,58.641975308641975
2018-06-04,blue,96,163,58.895705521472394
2018-06-05,blue,96,164,58.53658536585366
2018-06-06,blue,98,166,59.036144578313255
2018-06-08,blue,99,168,58.92857142857143
2018-06-09,blue,100,170,58.8235294117647
2018-06-10,blue,100,171,58.47953216374269
2018-06-11,blue,100,172,58.13953488372093
2018-06-13,blue,102,174,58.62068965517241
2018-06-16,blue,103,176,58.52272727272727
2018-06-17,blue,103,177,58.19209039548023
2018-06-20,blue,104,178,58.42696629213483
2018-06-22,blue,104,179,58.100558659217874
2018-06-23,blue,105,182,57.69230769230769
2018-06-24,blue,106,183,57.923497267759565
2018-06-30,blue,107,186,57.526881720430104
2018-07-01,blue,108,188,57.4468085106383
2018-07-04,blue,110,190,57.89473684210526
2018-07-06,blue,112,192,58.333333333333336
2018-07-07,blue,113,194,58.24742268041237
2018-07-08,blue,114,195,58.46153846153846
2018-07-09,blue,115,196,58.673469387755105
2018-07-10,blue,115,197,58.3756345177665
2018-07-11,blue,117,199,58.79396984924623
2018-07-12,blue,118,200,59
2018-07-14,blue,120,203,59.11330049261084
2018-07-15,blue,120,205,58.53658536585366
2018-07-16,blue,121,206,58.737864077669904
2018-07-19,blue,121,207,58.45410628019324
2018-07-26,blue,122,208,58.65384615384615
2018-07-27,blue,124,211,58.76777251184834
2018-07-29,blue,125,214,58.41121495327103
2018-07-30,blue,126,215,58.604651162790695
2018-08-01,blue,126,216,58.333333333333336
2018-08-04,blue,128,218,58.71559633027523
2018-08-05,blue,129,220,58.63636363636363
2018-08-10,blue,129,222,58.108108108108105
2018-08-11,blue,131,224,58.482142857142854
2018-08-12,blue,132,226,58.4070796460177
2018-08-15,blue,132,228,57.89473684210526
2018-08-18,blue,133,229,58.07860262008734
2018-08-19,blue,133,230,57.82608695652174
2018-08-20,blue,133,231,57.57575757575758
2018-08-22,blue,134,232,57.758620689655174
2018-08-23,blue,134,233,57.51072961373391
2018-08-26,blue,136,235,57.87234042553192
2018-08-28,blue,138,238,57.983193277310924
2018-08-29,blue,138,239,57.74058577405858
2018-08-30,blue,140,241,58.09128630705394
2018-08-31,blue,142,243,58.43621399176955
2018-09-01,blue,145,247,58.70445344129555
2018-09-02,blue,147,249,59.036144578313255
2018-09-05,blue,147,250,58.8
2018-09-06,blue,148,251,58.96414342629482
2018-09-08,blue,150,253,59.28853754940712
2018-09-09,blue,151,254,59.44881889763779
2018-09-10,blue,152,256,59.375
2018-09-12,blue,154,259,59.45945945945946
2018-09-15,blue,155,261,59.38697318007663
2018-09-16,blue,156,264,59.09090909090909
2018-09-17,blue,157,265,59.24528301886792
2018-09-19,blue,158,266,59.3984962406015
2018-09-20,blue,159,267,59.550561797752806
2018-09-21,blue,160,268,59.701492537313435
2018-09-22,blue,161,270,59.629629629629626
2018-09-23,blue,162,271,59.77859778597786
2018-09-24,blue,162,272,59.55882352941177
2018-09-25,blue,163,273,59.70695970695971
2018-09-26,blue,164,274,59.85401459854015
2018-09-27,blue,165,275,60
2018-09-29,blue,167,278,60.07194244604317
2018-09-30,blue,167,280,59.642857142857146
2018-10-01,blue,168,281,59.786476868327405
2018-10-04,blue,169,282,59.9290780141844
2018-10-05,blue,169,283,59.71731448763251
2018-10-06,blue,169,284,59.50704225352113
2018-10-07,blue,170,286,59.44055944055944
2018-10-08,blue,171,287,59.58188153310105
2018-10-10,blue,172,288,59.72222222222222
2018-10-11,blue,172,289,59.515570934256054
2018-10-13,blue,174,293,59.38566552901024
2018-10-14,blue,175,296,59.12162162162162
2018-10-17,blue,175,297,58.92255892255892
2018-10-19,blue,176,299,58.862876254180605
2018-10-21,blue,176,301,58.47176079734219
2018-10-23,blue,177,302,58.609271523178805
2018-10-27,blue,177,303,58.415841584158414
2018-10-28,blue,177,304,58.223684210526315
2018-10-29,blue,178,305,58.36065573770492
2018-10-30,blue,179,306,58.49673202614379
2018-11-05,blue,180,307,58.63192182410423
2018-11-06,blue,181,308,58.76623376623377
2018-11-08,blue,181,309,58.57605177993528
2018-11-12,blue,183,313,58.466453674121404
2018-11-14,blue,184,314,58.59872611464968
2018-11-18,blue,186,316,58.860759493670884
2018-11-19,blue,187,317,58.99053627760252
2018-11-22,blue,188,319,58.93416927899686
2018-11-24,blue,190,322,59.006211180124225
2018-11-29,blue,191,323,59.13312693498452
2018-11-30,blue,191,324,58.95061728395062
2018-12-05,blue,170,279,60.93189964157706
2018-12-07,blue,168,278,60.431654676258994
2018-12-09,blue,168,278,60.431654676258994
2018-12-11,blue,169,278,60.79136690647482
2018-12-13,blue,170,279,60.93189964157706
2018-12-16,blue,171,280,61.07142857142857
2018-12-19,blue,167,275,60.72727272727273
2018-12-22,blue,168,275,61.09090909090909
2018-12-23,blue,169,276,61.231884057971016
2018-12-25,blue,170,276,61.594202898550726
2018-12-26,blue,170,275,61.81818181818182
2018-12-27,blue,170,276,61.594202898550726
2018-12-28,blue,173,279,62.007168458781365
2018-12-29,blue,174,279,62.365591397849464
2019-01-01,blue,175,282,62.05673758865248
2019-01-02,blue,177,285,62.10526315789474
2019-01-05,blue,176,285,61.75438596491228
2019-01-06,blue,176,285,61.75438596491228
2019-01-09,blue,177,286,61.88811188811189
2019-02-10,blue,171,281,60.854092526690394
2019-02-17,blue,170,279,60.93189964157706
2019-04-12,blue,155,249,62.24899598393574
2019-04-28,blue,146,237,61.60337552742616
2019-05-26,blue,139,227,61.23348017621145
2019-05-28,blue,138,226,61.06194690265487
2019-06-08,blue,131,223,58.74439461883408
2019-06-16,blue,133,223,59.64125560538117
2019-07-02,blue,139,226,61.50442477876106
2019-07-07,blue,139,229,60.698689956331876
2019-07-28,blue,133,218,61.00917431192661
2019-08-18,blue,134,216,62.03703703703704
2019-09-03,blue,129,212,60.84905660377358
2019-09-15,blue,132,217,60.8294930875576
2019-10-12,blue,124,205,60.48780487804878
2020-01-12,blue,107,190,56.31578947368421
2020-03-20,blue,126,220,57.27272727272727
2020-04-25,blue,137,251,54.581673306772906
2020-07-03,blue,171,304,56.25
2020-09-12,blue,187,341,54.83870967741935
2021-01-31,blue,190,352,53.97727272727273
2017-12-03,black,30,44,68.18181818181819
2017-12-04,black,32,46,69.56521739130434
2017-12-05,black,33,49,67.34693877551021
2017-12-07,black,34,50,68
2017-12-10,black,35,51,68.62745098039215
2017-12-14,black,35,52,67.3076923076923
2017-12-15,black,36,53,67.9245283018868
2017-12-16,black,38,55,69.0909090909091
2017-12-17,black,38,58,65.51724137931035
2017-12-18,black,38,59,64.40677966101696
2017-12-20,black,38,60,63.333333333333336
2017-12-22,black,38,61,62.295081967213115
2017-12-23,black,38,62,61.29032258064516
2017-12-25,black,39,65,60
2017-12-28,black,40,66,60.60606060606061
2017-12-29,black,40,67,59.701492537313435
2017-12-30,black,40,68,58.8235294117647
2018-01-01,black,40,69,57.971014492753625
2018-01-04,black,40,70,57.142857142857146
2018-01-05,black,41,72,56.94444444444444
2018-01-09,black,42,73,57.534246575342465
2018-01-15,black,43,75,57.333333333333336
2018-01-20,black,44,77,57.142857142857146
2018-01-21,black,45,80,56.25
2018-01-25,black,46,81,56.79012345679013
2018-01-27,black,46,82,56.09756097560975
2018-02-03,black,46,83,55.42168674698795
2018-02-05,black,47,84,55.95238095238095
2018-02-08,black,48,85,56.470588235294116
2018-02-09,black,49,86,56.97674418604651
2018-02-10,black,49,87,56.32183908045977
2018-02-11,black,50,89,56.17977528089887
2018-02-17,black,51,90,56.666666666666664
2018-02-23,black,51,92,55.43478260869565
2018-02-24,black,52,93,55.913978494623656
2018-02-25,black,52,94,55.319148936170215
2018-03-03,black,52,95,54.73684210526316
2018-03-04,black,52,96,54.166666666666664
2018-03-09,black,53,97,54.63917525773196
2018-03-10,black,54,99,54.54545454545455
2018-03-11,black,54,100,54
2018-03-17,black,58,105,55.23809523809524
2018-03-23,black,58,106,54.716981132075475
2018-03-24,black,60,109,55.04587155963303
2018-03-25,black,62,111,55.85585585585586
2018-03-28,black,62,112,55.357142857142854
2018-03-31,black,62,114,54.3859649122807
2018-04-01,black,65,118,55.08474576271186
2018-04-02,black,66,119,55.46218487394958
2018-04-04,black,66,120,55
2018-04-07,black,67,123,54.47154471544715
2018-04-08,black,67,125,53.6
2018-04-11,black,67,126,53.17460317460318
2018-04-12,black,67,127,52.75590551181102
2018-04-14,black,68,129,52.713178294573645
2018-04-15,black,69,130,53.07692307692308
2018-04-16,black,69,131,52.67175572519084
2018-04-17,black,70,133,52.63157894736842
2018-04-21,black,71,135,52.592592592592595
2018-04-22,black,74,138,53.6231884057971
2018-04-27,black,75,140,53.57142857142857
2018-04-28,black,77,142,54.225352112676056
2018-05-01,black,78,144,54.166666666666664
2018-05-03,black,79,145,54.48275862068966
2018-05-12,black,79,146,54.10958904109589
2018-05-13,black,80,148,54.054054054054056
2018-05-19,black,82,152,53.94736842105263
2018-05-20,black,82,153,53.59477124183007
2018-05-25,black,83,154,53.896103896103895
2018-05-26,black,84,156,53.84615384615385
2018-05-31,black,85,157,54.140127388535035
2018-06-01,black,85,159,53.459119496855344
2018-06-02,black,86,161,53.41614906832298
2018-06-03,black,87,162,53.7037037037037
2018-06-04,black,88,163,53.987730061349694
2018-06-05,black,88,164,53.65853658536585
2018-06-06,black,89,166,53.6144578313253
2018-06-08,black,89,168,52.976190476190474
2018-06-09,black,90,170,52.94117647058823
2018-06-10,black,90,171,52.63157894736842
2018-06-11,black,91,172,52.906976744186046
2018-06-13,black,92,174,52.87356321839081
2018-06-16,black,94,176,53.40909090909091
2018-06-17,black,94,177,53.10734463276836
2018-06-20,black,94,178,52.80898876404494
2018-06-22,black,94,179,52.513966480446925
2018-06-23,black,97,182,53.2967032967033
2018-06-24,black,97,183,53.005464480874316
2018-06-30,black,98,186,52.68817204301075
2018-07-01,black,100,188,53.191489361702125
2018-07-04,black,101,190,53.1578947368421
2018-07-06,black,103,192,53.645833333333336
2018-07-07,black,104,194,53.608247422680414
2018-07-08,black,104,195,53.333333333333336
2018-07-09,black,105,196,53.57142857142857
2018-07-10,black,106,197,53.807106598984774
2018-07-11,black,108,199,54.2713567839196
2018-07-12,black,108,200,54
2018-07-14,black,111,203,54.679802955665025
2018-07-15,black,112,205,54.63414634146341
2018-07-16,black,112,206,54.36893203883495
2018-07-19,black,112,207,54.106280193236714
2018-07-26,black,112,208,53.84615384615385
2018-07-27,black,114,211,54.02843601895734
2018-07-29,black,115,214,53.73831775700935
2018-07-30,black,116,215,53.95348837209303
2018-08-01,black,117,216,54.166666666666664
2018-08-04,black,117,218,53.669724770642205
2018-08-05,black,119,220,54.09090909090909
2018-08-10,black,120,222,54.054054054054056
2018-08-11,black,122,224,54.464285714285715
2018-08-12,black,123,226,54.424778761061944
2018-08-15,black,123,228,53.94736842105263
2018-08-18,black,124,229,54.148471615720524
2018-08-19,black,125,230,54.34782608695652
2018-08-20,black,126,231,54.54545454545455
2018-08-22,black,127,232,54.741379310344826
2018-08-23,black,127,233,54.506437768240346
2018-08-26,black,127,235,54.04255319148936
2018-08-28,black,127,238,53.36134453781513
2018-08-29,black,128,239,53.55648535564853
2018-08-30,black,130,241,53.941908713692946
2018-08-31,black,130,243,53.497942386831276
2018-09-01,black,132,247,53.441295546558706
2018-09-02,black,133,249,53.4136546184739
2018-09-05,black,133,250,53.2
2018-09-06,black,134,251,53.386454183266935
2018-09-08,black,136,253,53.75494071146245
2018-09-09,black,137,254,53.93700787401575
2018-09-10,black,138,256,53.90625
2018-09-12,black,140,259,54.054054054054056
2018-09-15,black,142,261,54.406130268199234
2018-09-16,black,144,264,54.54545454545455
2018-09-17,black,144,265,54.339622641509436
2018-09-19,black,144,266,54.13533834586466
2018-09-20,black,145,267,54.30711610486891
2018-09-21,black,146,268,54.47761194029851
2018-09-22,black,147,270,54.44444444444444
2018-09-23,black,147,271,54.24354243542435
2018-09-24,black,148,272,54.411764705882355
2018-09-25,black,149,273,54.57875457875458
2018-09-26,black,150,274,54.74452554744526
2018-09-27,black,150,275,54.54545454545455
2018-09-29,black,152,278,54.67625899280576
2018-09-30,black,154,280,55
2018-10-01,black,154,281,54.804270462633454
2018-10-04,black,155,282,54.9645390070922
2018-10-05,black,156,283,55.12367491166078
2018-10-06,black,156,284,54.929577464788736
2018-10-07,black,156,286,54.54545454545455
2018-10-08,black,157,287,54.70383275261324
2018-10-10,black,158,288,54.861111111111114
2018-10-11,black,159,289,55.017301038062286
2018-10-13,black,162,293,55.2901023890785
2018-10-14,black,164,296,55.4054054054054
2018-10-17,black,165,297,55.55555555555556
2018-10-19,black,166,299,55.51839464882943
2018-10-21,black,166,301,55.14950166112957
2018-10-23,black,166,302,54.966887417218544
2018-10-27,black,167,303,55.115511551155116
2018-10-28,black,168,304,55.26315789473684
2018-10-29,black,168,305,55.08196721311475
2018-10-30,black,169,306,55.22875816993464
2018-11-05,black,169,307,55.04885993485342
2018-11-06,black,170,308,55.1948051948052
2018-11-08,black,170,309,55.016181229773466
2018-11-12,black,172,313,54.95207667731629
2018-11-14,black,173,314,55.095541401273884
2018-11-18,black,174,316,55.063291139240505
2018-11-19,black,174,317,54.889589905362776
2018-11-22,black,175,319,54.858934169278996
2018-11-24,black,177,322,54.96894409937888
2018-11-29,black,178,323,55.10835913312693
2018-11-30,black,178,324,54.93827160493827
2018-12-05,black,147,279,52.68817204301075
2018-12-07,black,147,278,52.87769784172662
2018-12-09,black,146,278,52.51798561151079
2018-12-11,black,145,278,52.15827338129496
2018-12-13,black,145,279,51.971326164874554
2018-12-16,black,144,280,51.42857142857143
2018-12-19,black,143,275,52
2018-12-22,black,144,275,52.36363636363637
2018-12-23,black,146,276,52.89855072463768
2018-12-25,black,146,276,52.89855072463768
2018-12-26,black,145,275,52.72727272727273
2018-12-27,black,145,276,52.53623188405797
2018-12-28,black,147,279,52.68817204301075
2018-12-29,black,147,279,52.68817204301075
2019-01-01,black,149,282,52.836879432624116
2019-01-02,black,152,285,53.333333333333336
2019-01-05,black,152,285,53.333333333333336
2019-01-06,black,152,285,53.333333333333336
2019-01-09,black,153,286,53.49650349650349
2019-02-10,black,148,281,52.669039145907476
2019-02-17,black,148,279,53.04659498207885
2019-04-12,black,137,249,55.02008032128514
2019-04-28,black,130,237,54.85232067510549
2019-05-26,black,123,227,54.18502202643172
2019-05-28,black,122,226,53.982300884955755
2019-06-08,black,120,223,53.81165919282511
2019-06-16,black,118,223,52.91479820627803
2019-07-02,black,121,226,53.53982300884956
2019-07-07,black,120,229,52.40174672489083
2019-07-28,black,115,218,52.75229357798165
2019-08-18,black,112,216,51.851851851851855
2019-09-03,black,113,212,53.301886792452834
2019-09-15,black,114,217,52.534562211981566
2019-10-12,black,103,205,50.24390243902439
2020-01-12,black,94,190,49.473684210526315
2020-03-20,black,110,220,50
2020-04-25,black,116,251,46.21513944223108
2020-07-03,black,147,304,48.35526315789474
2020-09-12,black,163,341,47.800586510263926
2021-01-31,black,163,352,46.30681818181818
2017-12-03,white,27,44,61.36363636363637
2017-12-04,white,28,46,60.869565217391305
2017-12-05,white,30,49,61.224489795918366
2017-12-07,white,30,50,60
2017-12-10,white,30,51,58.8235294117647
2017-12-14,white,30,52,57.69230769230769
2017-12-15,white,31,53,58.490566037735846
2017-12-16,white,31,55,56.36363636363637
2017-12-17,white,32,58,55.172413793103445
2017-12-18,white,32,59,54.23728813559322
2017-12-20,white,33,60,55
2017-12-22,white,33,61,54.09836065573771
2017-12-23,white,34,62,54.83870967741935
2017-12-25,white,36,65,55.38461538461539
2017-12-28,white,36,66,54.54545454545455
2017-12-29,white,37,67,55.223880597014926
2017-12-30,white,37,68,54.411764705882355
2018-01-01,white,38,69,55.072463768115945
2018-01-04,white,39,70,55.714285714285715
2018-01-05,white,41,72,56.94444444444444
2018-01-09,white,41,73,56.16438356164384
2018-01-15,white,42,75,56
2018-01-20,white,43,77,55.84415584415584
2018-01-21,white,46,80,57.5
2018-01-25,white,47,81,58.02469135802469
2018-01-27,white,48,82,58.53658536585366
2018-02-03,white,49,83,59.036144578313255
2018-02-05,white,49,84,58.333333333333336
2018-02-08,white,50,85,58.8235294117647
2018-02-09,white,51,86,59.30232558139535
2018-02-10,white,52,87,59.770114942528735
2018-02-11,white,53,89,59.550561797752806
2018-02-17,white,53,90,58.888888888888886
2018-02-23,white,54,92,58.69565217391305
2018-02-24,white,54,93,58.064516129032256
2018-02-25,white,55,94,58.51063829787234
2018-03-03,white,56,95,58.94736842105263
2018-03-04,white,57,96,59.375
2018-03-09,white,58,97,59.79381443298969
2018-03-10,white,59,99,59.5959595959596
2018-03-11,white,60,100,60
2018-03-17,white,61,105,58.095238095238095
2018-03-23,white,62,106,58.490566037735846
2018-03-24,white,64,109,58.71559633027523
2018-03-25,white,66,111,59.45945945945946
2018-03-28,white,66,112,58.92857142857143
2018-03-31,white,67,114,58.771929824561404
2018-04-01,white,70,118,59.32203389830509
2018-04-02,white,70,119,58.8235294117647
2018-04-04,white,71,120,59.166666666666664
2018-04-07,white,74,123,60.16260162601626
2018-04-08,white,75,125,60
2018-04-11,white,76,126,60.317460317460316
2018-04-12,white,77,127,60.62992125984252
2018-04-14,white,79,129,61.24031007751938
2018-04-15,white,80,130,61.53846153846154
2018-04-16,white,81,131,61.83206106870229
2018-04-17,white,81,133,60.902255639097746
2018-04-21,white,82,135,60.74074074074074
2018-04-22,white,84,138,60.869565217391305
2018-04-27,white,84,140,60
2018-04-28,white,85,142,59.859154929577464
2018-05-01,white,87,144,60.416666666666664
2018-05-03,white,87,145,60
2018-05-12,white,88,146,60.273972602739725
2018-05-13,white,89,148,60.13513513513514
2018-05-19,white,90,152,59.21052631578947
2018-05-20,white,91,153,59.47712418300654
2018-05-25,white,91,154,59.09090909090909
2018-05-26,white,91,156,58.333333333333336
2018-05-31,white,91,157,57.961783439490446
2018-06-01,white,91,159,57.23270440251572
2018-06-02,white,92,161,57.142857142857146
2018-06-03,white,93,162,57.407407407407405
2018-06-04,white,93,163,57.05521472392638
2018-06-05,white,94,164,57.31707317073171
2018-06-06,white,94,166,56.626506024096386
2018-06-08,white,95,168,56.54761904761905
2018-06-09,white,97,170,57.05882352941177
2018-06-10,white,98,171,57.30994152046784
2018-06-11,white,99,172,57.55813953488372
2018-06-13,white,101,174,58.04597701149425
2018-06-16,white,103,176,58.52272727272727
2018-06-17,white,103,177,58.19209039548023
2018-06-20,white,104,178,58.42696629213483
2018-06-22,white,105,179,58.659217877094974
2018-06-23,white,107,182,58.79120879120879
2018-06-24,white,107,183,58.46994535519126
2018-06-30,white,108,186,58.064516129032256
2018-07-01,white,110,188,58.51063829787234
2018-07-04,white,112,190,58.94736842105263
2018-07-06,white,112,192,58.333333333333336
2018-07-07,white,112,194,57.7319587628866
2018-07-08,white,113,195,57.94871794871795
2018-07-09,white,113,196,57.6530612244898
2018-07-10,white,113,197,57.36040609137056
2018-07-11,white,114,199,57.28643216080402
2018-07-12,white,115,200,57.5
2018-07-14,white,116,203,57.142857142857146
2018-07-15,white,117,205,57.073170731707314
2018-07-16,white,118,206,57.28155339805825
2018-07-19,white,119,207,57.48792270531401
2018-07-26,white,120,208,57.69230769230769
2018-07-27,white,122,211,57.81990521327014
2018-07-29,white,123,214,57.47663551401869
2018-07-30,white,123,215,57.2093023255814
2018-08-01,white,124,216,57.407407407407405
2018-08-04,white,126,218,57.79816513761468
2018-08-05,white,128,220,58.18181818181818
2018-08-10,white,129,222,58.108108108108105
2018-08-11,white,130,224,58.035714285714285
2018-08-12,white,131,226,57.9646017699115
2018-08-15,white,131,228,57.45614035087719
2018-08-18,white,131,229,57.20524017467249
2018-08-19,white,131,230,56.95652173913044
2018-08-20,white,131,231,56.70995670995671
2018-08-22,white,131,232,56.46551724137931
2018-08-23,white,132,233,56.652360515021456
2018-08-26,white,133,235,56.59574468085106
2018-08-28,white,135,238,56.72268907563025
2018-08-29,white,135,239,56.48535564853557
2018-08-30,white,136,241,56.43153526970954
2018-08-31,white,136,243,55.96707818930041
2018-09-01,white,140,247,56.68016194331984
2018-09-02,white,142,249,57.028112449799195
2018-09-05,white,143,250,57.2
2018-09-06,white,143,251,56.97211155378486
2018-09-08,white,144,253,56.91699604743083
2018-09-09,white,144,254,56.69291338582677
2018-09-10,white,146,256,57.03125
2018-09-12,white,148,259,57.142857142857146
2018-09-15,white,150,261,57.47126436781609
2018-09-16,white,151,264,57.196969696969695
2018-09-17,white,151,265,56.9811320754717
2018-09-19,white,151,266,56.766917293233085
2018-09-20,white,151,267,56.554307116104866
2018-09-21,white,151,268,56.343283582089555
2018-09-22,white,153,270,56.666666666666664
2018-09-23,white,154,271,56.82656826568266
2018-09-24,white,154,272,56.61764705882353
2018-09-25,white,155,273,56.776556776556774
2018-09-26,white,156,274,56.934306569343065
2018-09-27,white,157,275,57.09090909090909
2018-09-29,white,158,278,56.83453237410072
2018-09-30,white,160,280,57.142857142857146
2018-10-01,white,161,281,57.295373665480426
2018-10-04,white,161,282,57.09219858156028
2018-10-05,white,161,283,56.890459363957596
2018-10-06,white,162,284,57.04225352112676
2018-10-07,white,162,286,56.64335664335665
2018-10-08,white,163,287,56.79442508710802
2018-10-10,white,164,288,56.94444444444444
2018-10-11,white,164,289,56.74740484429066
2018-10-13,white,166,293,56.65529010238908
2018-10-14,white,167,296,56.41891891891892
2018-10-17,white,168,297,56.56565656565657
2018-10-19,white,169,299,56.52173913043478
2018-10-21,white,171,301,56.81063122923588
2018-10-23,white,171,302,56.62251655629139
2018-10-27,white,172,303,56.76567656765677
2018-10-28,white,173,304,56.9078947368421
2018-10-29,white,174,305,57.049180327868854
2018-10-30,white,174,306,56.86274509803921
2018-11-05,white,175,307,57.00325732899023
2018-11-06,white,176,308,57.142857142857146
2018-11-08,white,176,309,56.957928802588995
2018-11-12,white,179,313,57.18849840255591
2018-11-14,white,179,314,57.00636942675159
2018-11-18,white,181,316,57.278481012658226
2018-11-19,white,181,317,57.09779179810725
2018-11-22,white,183,319,57.36677115987461
2018-11-24,white,184,322,57.142857142857146
2018-11-29,white,185,323,57.27554179566563
2018-11-30,white,185,324,57.098765432098766
2018-12-05,white,157,279,56.272401433691755
2018-12-07,white,156,278,56.115107913669064
2018-12-09,white,157,278,56.47482014388489
2018-12-11,white,157,278,56.47482014388489
2018-12-13,white,158,279,56.630824372759854
2018-12-16,white,159,280,56.785714285714285
2018-12-19,white,158,275,57.45454545454545
2018-12-22,white,157,275,57.09090909090909
2018-12-23,white,157,276,56.88405797101449
2018-12-25,white,157,276,56.88405797101449
2018-12-26,white,156,275,56.72727272727273
2018-12-27,white,157,276,56.88405797101449
2018-12-28,white,159,279,56.98924731182796
2018-12-29,white,159,279,56.98924731182796
2019-01-01,white,160,282,56.737588652482266
2019-01-02,white,163,285,57.19298245614035
2019-01-05,white,163,285,57.19298245614035
2019-01-06,white,161,285,56.49122807017544
2019-01-09,white,161,286,56.29370629370629
2019-02-10,white,155,281,55.16014234875445
2019-02-17,white,154,279,55.19713261648746
2019-04-12,white,134,249,53.81526104417671
2019-04-28,white,127,237,53.586497890295355
2019-05-26,white,122,227,53.74449339207048
2019-05-28,white,123,226,54.424778761061944
2019-06-08,white,125,223,56.053811659192824
2019-06-16,white,120,223,53.81165919282511
2019-07-02,white,119,226,52.65486725663717
2019-07-07,white,121,229,52.838427947598255
2019-07-28,white,113,218,51.8348623853211
2019-08-18,white,114,216,52.77777777777778
2019-09-03,white,112,212,52.83018867924528
2019-09-15,white,113,217,52.07373271889401
2019-10-12,white,108,205,52.68292682926829
2020-01-12,white,97,190,51.05263157894737
2020-03-20,white,109,220,49.54545454545455
2020-04-25,white,120,251,47.808764940239044
2020-07-03,white,143,304,47.03947368421053
2020-09-12,white,154,341,45.16129032258065
2021-01-31,white,164,352,46.59090909090909
2017-12-03,green,22,44,50
2017-12-04,green,23,46,50
2017-12-05,green,23,49,46.93877551020408
2017-12-07,green,24,50,48
2017-12-10,green,25,51,49.01960784313726
2017-12-14,green,25,52,48.07692307692308
2017-12-15,green,26,53,49.056603773584904
2017-12-16,green,28,55,50.90909090909091
2017-12-17,green,30,58,51.724137931034484
2017-12-18,green,30,59,50.847457627118644
2017-12-20,green,31,60,51.666666666666664
2017-12-22,green,31,61,50.81967213114754
2017-12-23,green,31,62,50
2017-12-25,green,31,65,47.69230769230769
2017-12-28,green,32,66,48.484848484848484
2017-12-29,green,32,67,47.76119402985075
2017-12-30,green,33,68,48.529411764705884
2018-01-01,green,34,69,49.27536231884058
2018-01-04,green,34,70,48.57142857142857
2018-01-05,green,35,72,48.611111111111114
2018-01-09,green,36,73,49.31506849315068
2018-01-15,green,38,75,50.666666666666664
2018-01-20,green,39,77,50.64935064935065
2018-01-21,green,41,80,51.25
2018-01-25,green,41,81,50.617283950617285
2018-01-27,green,42,82,51.21951219512195
2018-02-03,green,43,83,51.80722891566265
2018-02-05,green,43,84,51.19047619047619
2018-02-08,green,43,85,50.588235294117645
2018-02-09,green,43,86,50
2018-02-10,green,44,87,50.57471264367816
2018-02-11,green,44,89,49.438202247191015
2018-02-17,green,45,90,50
2018-02-23,green,47,92,51.08695652173913
2018-02-24,green,48,93,51.61290322580645
2018-02-25,green,49,94,52.12765957446808
2018-03-03,green,50,95,52.63157894736842
2018-03-04,green,50,96,52.083333333333336
2018-03-09,green,50,97,51.54639175257732
2018-03-10,green,50,99,50.505050505050505
2018-03-11,green,51,100,51
2018-03-17,green,54,105,51.42857142857143
2018-03-23,green,54,106,50.943396226415096
2018-03-24,green,55,109,50.45871559633027
2018-03-25,green,57,111,51.351351351351354
2018-03-28,green,57,112,50.892857142857146
2018-03-31,green,57,114,50
2018-04-01,green,57,118,48.30508474576271
2018-04-02,green,57,119,47.89915966386555
2018-04-04,green,57,120,47.5
2018-04-07,green,58,123,47.15447154471545
2018-04-08,green,60,125,48
2018-04-11,green,60,126,47.61904761904762
2018-04-12,green,60,127,47.24409448818898
2018-04-14,green,60,129,46.51162790697674
2018-04-15,green,60,130,46.15384615384615
2018-04-16,green,60,131,45.80152671755725
2018-04-17,green,61,133,45.86466165413534
2018-04-21,green,62,135,45.925925925925924
2018-04-22,green,64,138,46.3768115942029
2018-04-27,green,65,140,46.42857142857143
2018-04-28,green,66,142,46.478873239436616
2018-05-01,green,66,144,45.833333333333336
2018-05-03,green,67,145,46.206896551724135
2018-05-12,green,67,146,45.89041095890411
2018-05-13,green,67,148,45.270270270270274
2018-05-19,green,67,152,44.078947368421055
2018-05-20,green,67,153,43.790849673202615
2018-05-25,green,68,154,44.15584415584416
2018-05-26,green,69,156,44.23076923076923
2018-05-31,green,70,157,44.5859872611465
2018-06-01,green,72,159,45.283018867924525
2018-06-02,green,73,161,45.3416149068323
2018-06-03,green,73,162,45.06172839506173
2018-06-04,green,73,163,44.785276073619634
2018-06-05,green,73,164,44.51219512195122
2018-06-06,green,75,166,45.18072289156626
2018-06-08,green,75,168,44.642857142857146
2018-06-09,green,75,170,44.11764705882353
2018-06-10,green,75,171,43.85964912280702
2018-06-11,green,76,172,44.18604651162791
2018-06-13,green,77,174,44.252873563218394
2018-06-16,green,78,176,44.31818181818182
2018-06-17,green,79,177,44.632768361581924
2018-06-20,green,80,178,44.943820224719104
2018-06-22,green,80,179,44.6927374301676
2018-06-23,green,82,182,45.05494505494506
2018-06-24,green,83,183,45.3551912568306
2018-06-30,green,85,186,45.69892473118279
2018-07-01,green,86,188,45.744680851063826
2018-07-04,green,86,190,45.26315789473684
2018-07-06,green,87,192,45.3125
2018-07-07,green,88,194,45.36082474226804
2018-07-08,green,89,195,45.64102564102564
2018-07-09,green,89,196,45.40816326530612
2018-07-10,green,89,197,45.17766497461929
2018-07-11,green,89,199,44.72361809045226
2018-07-12,green,90,200,45
2018-07-14,green,90,203,44.33497536945813
2018-07-15,green,90,205,43.90243902439025
2018-07-16,green,91,206,44.1747572815534
2018-07-19,green,91,207,43.96135265700483
2018-07-26,green,92,208,44.23076923076923
2018-07-27,green,93,211,44.07582938388626
2018-07-29,green,95,214,44.39252336448598
2018-07-30,green,96,215,44.651162790697676
2018-08-01,green,96,216,44.44444444444444
2018-08-04,green,96,218,44.03669724770642
2018-08-05,green,96,220,43.63636363636363
2018-08-10,green,97,222,43.693693693693696
2018-08-11,green,97,224,43.30357142857143
2018-08-12,green,98,226,43.36283185840708
2018-08-15,green,98,228,42.98245614035088
2018-08-18,green,98,229,42.79475982532751
2018-08-19,green,98,230,42.608695652173914
2018-08-20,green,98,231,42.42424242424242
2018-08-22,green,99,232,42.672413793103445
2018-08-23,green,99,233,42.48927038626609
2018-08-26,green,100,235,42.5531914893617
2018-08-28,green,101,238,42.436974789915965
2018-08-29,green,101,239,42.25941422594142
2018-08-30,green,102,241,42.32365145228216
2018-08-31,green,103,243,42.38683127572016
2018-09-01,green,105,247,42.51012145748988
2018-09-02,green,105,249,42.16867469879518
2018-09-05,green,106,250,42.4
2018-09-06,green,107,251,42.62948207171315
2018-09-08,green,107,253,42.29249011857708
2018-09-09,green,107,254,42.125984251968504
2018-09-10,green,107,256,41.796875
2018-09-12,green,108,259,41.6988416988417
2018-09-15,green,109,261,41.76245210727969
2018-09-16,green,109,264,41.28787878787879
2018-09-17,green,110,265,41.509433962264154
2018-09-19,green,111,266,41.72932330827068
2018-09-20,green,112,267,41.947565543071164
2018-09-21,green,112,268,41.791044776119406
2018-09-22,green,112,270,41.48148148148148
2018-09-23,green,112,271,41.32841328413284
2018-09-24,green,113,272,41.544117647058826
2018-09-25,green,114,273,41.75824175824176
2018-09-26,green,114,274,41.605839416058394
2018-09-27,green,115,275,41.81818181818182
2018-09-29,green,116,278,41.726618705035975
2018-09-30,green,117,280,41.785714285714285
2018-10-01,green,117,281,41.637010676156585
2018-10-04,green,117,282,41.48936170212766
2018-10-05,green,118,283,41.696113074204945
2018-10-06,green,118,284,41.54929577464789
2018-10-07,green,119,286,41.60839160839161
2018-10-08,green,119,287,41.46341463414634
2018-10-10,green,119,288,41.31944444444444
2018-10-11,green,120,289,41.522491349480966
2018-10-13,green,122,293,41.6382252559727
2018-10-14,green,123,296,41.554054054054056
2018-10-17,green,123,297,41.41414141414141
2018-10-19,green,123,299,41.137123745819395
2018-10-21,green,124,301,41.19601328903654
2018-10-23,green,125,302,41.390728476821195
2018-10-27,green,126,303,41.584158415841586
2018-10-28,green,127,304,41.776315789473685
2018-10-29,green,127,305,41.63934426229508
2018-10-30,green,128,306,41.830065359477125
2018-11-05,green,128,307,41.693811074918564
2018-11-06,green,129,308,41.883116883116884
2018-11-08,green,130,309,42.07119741100323
2018-11-12,green,132,313,42.17252396166134
2018-11-14,green,132,314,42.038216560509554
2018-11-18,green,133,316,42.08860759493671
2018-11-19,green,134,317,42.27129337539432
2018-11-22,green,135,319,42.31974921630094
2018-11-24,green,136,322,42.2360248447205
2018-11-29,green,137,323,42.414860681114554
2018-11-30,green,138,324,42.592592592592595
2018-12-05,green,115,279,41.21863799283154
2018-12-07,green,115,278,41.36690647482014
2018-12-09,green,114,278,41.007194244604314
2018-12-11,green,113,278,40.64748201438849
2018-12-13,green,113,279,40.50179211469534
2018-12-16,green,113,280,40.357142857142854
2018-12-19,green,110,275,40
2018-12-22,green,109,275,39.63636363636363
2018-12-23,green,111,276,40.21739130434783
2018-12-25,green,111,276,40.21739130434783
2018-12-26,green,112,275,40.72727272727273
2018-12-27,green,113,276,40.94202898550725
2018-12-28,green,113,279,40.50179211469534
2018-12-29,green,112,279,40.14336917562724
2019-01-01,green,114,282,40.42553191489362
2019-01-02,green,115,285,40.35087719298246
2019-01-05,green,116,285,40.70175438596491
2019-01-06,green,116,285,40.70175438596491
2019-01-09,green,116,286,40.55944055944056
2019-02-10,green,114,281,40.569395017793596
2019-02-17,green,114,279,40.86021505376344
2019-04-12,green,101,249,40.562248995983936
2019-04-28,green,96,237,40.50632911392405
2019-05-26,green,96,227,42.290748898678416
2019-05-28,green,95,226,42.0353982300885
2019-06-08,green,92,223,41.25560538116592
2019-06-16,green,98,223,43.946188340807176
2019-07-02,green,98,226,43.36283185840708
2019-07-07,green,101,229,44.10480349344978
2019-07-28,green,99,218,45.41284403669725
2019-08-18,green,100,216,46.2962962962963
2019-09-03,green,101,212,47.64150943396226
2019-09-15,green,106,217,48.8479262672811
2019-10-12,green,102,205,49.75609756097561
2020-01-12,green,89,190,46.8421052631579
2020-03-20,green,96,220,43.63636363636363
2020-04-25,green,116,251,46.21513944223108
2020-07-03,green,134,304,44.078947368421055
2020-09-12,green,155,341,45.45454545454545
2021-01-31,green,161,352,45.73863636363637
