date,sphere,decksBefore,numbefore,pct_of_decks
2017-12-03,aggro,15,44,34.09090909090909
2017-12-04,aggro,16,46,34.78260869565217
2017-12-05,aggro,17,49,34.69387755102041
2017-12-07,aggro,17,50,34
2017-12-10,aggro,17,51,33.333333333333336
2017-12-14,aggro,18,52,34.61538461538461
2017-12-15,aggro,18,53,33.9622641509434
2017-12-16,aggro,19,55,34.54545454545455
2017-12-17,aggro,19,58,32.758620689655174
2017-12-18,aggro,19,59,32.20338983050848
2017-12-20,aggro,20,60,33.333333333333336
2017-12-22,aggro,20,61,32.78688524590164
2017-12-23,aggro,21,62,33.87096774193548
2017-12-25,aggro,22,65,33.84615384615385
2017-12-28,aggro,22,66,33.333333333333336
2017-12-29,aggro,23,67,34.32835820895522
2017-12-30,aggro,23,68,33.8235294117647
2018-01-01,aggro,23,69,33.333333333333336
2018-01-04,aggro,24,70,34.285714285714285
2018-01-05,aggro,24,72,33.333333333333336
2018-01-09,aggro,25,73,34.24657534246575
2018-01-15,aggro,25,75,33.333333333333336
2018-01-20,aggro,25,77,32.467532467532465
2018-01-21,aggro,26,80,32.5
2018-01-25,aggro,27,81,33.333333333333336
2018-01-27,aggro,27,82,32.926829268292686
2018-02-03,aggro,27,83,32.53012048192771
2018-02-05,aggro,27,84,32.142857142857146
2018-02-08,aggro,28,85,32.94117647058823
2018-02-09,aggro,28,86,32.55813953488372
2018-02-10,aggro,29,87,33.333333333333336
2018-02-11,aggro,30,89,33.70786516853933
2018-02-17,aggro,30,90,33.333333333333336
2018-02-23,aggro,30,92,32.608695652173914
2018-02-24,aggro,30,93,32.25806451612903
2018-02-25,aggro,30,94,31.914893617021278
2018-03-03,aggro,30,95,31.57894736842105
2018-03-04,aggro,31,96,32.291666666666664
2018-03-09,aggro,31,97,31.95876288659794
2018-03-10,aggro,31,99,31.31313131313131
2018-03-11,aggro,31,100,31
2018-03-17,aggro,35,105,33.333333333333336
2018-03-23,aggro,35,106,33.0188679245283
2018-03-24,aggro,36,109,33.027522935779814
2018-03-25,aggro,36,111,32.432432432432435
2018-03-28,aggro,37,112,33.035714285714285
2018-03-31,aggro,39,114,34.21052631578947
2018-04-01,aggro,41,118,34.74576271186441
2018-04-02,aggro,41,119,34.45378151260504
2018-04-04,aggro,41,120,34.166666666666664
2018-04-07,aggro,41,123,33.333333333333336
2018-04-08,aggro,41,125,32.8
2018-04-11,aggro,41,126,32.53968253968254
2018-04-12,aggro,41,127,32.28346456692913
2018-04-14,aggro,42,129,32.55813953488372
2018-04-15,aggro,42,130,32.30769230769231
2018-04-16,aggro,43,131,32.82442748091603
2018-04-17,aggro,45,133,33.83458646616541
2018-04-21,aggro,45,135,33.333333333333336
2018-04-22,aggro,45,138,32.608695652173914
2018-04-27,aggro,46,140,32.857142857142854
2018-04-28,aggro,47,142,33.098591549295776
2018-05-01,aggro,48,144,33.333333333333336
2018-05-03,aggro,48,145,33.10344827586207
2018-05-12,aggro,49,146,33.56164383561644
2018-05-13,aggro,50,148,33.78378378378378
2018-05-19,aggro,50,152,32.89473684210526
2018-05-20,aggro,50,153,32.6797385620915
2018-05-25,aggro,50,154,32.467532467532465
2018-05-26,aggro,50,156,32.05128205128205
2018-05-31,aggro,50,157,31.84713375796178
2018-06-01,aggro,50,159,31.446540880503143
2018-06-02,aggro,51,161,31.677018633540374
2018-06-03,aggro,51,162,31.48148148148148
2018-06-04,aggro,51,163,31.288343558282207
2018-06-05,aggro,52,164,31.70731707317073
2018-06-06,aggro,52,166,31.325301204819276
2018-06-08,aggro,53,168,31.547619047619047
2018-06-09,aggro,54,170,31.764705882352942
2018-06-10,aggro,55,171,32.16374269005848
2018-06-11,aggro,55,172,31.976744186046513
2018-06-13,aggro,55,174,31.60919540229885
2018-06-16,aggro,56,176,31.818181818181817
2018-06-17,aggro,56,177,31.638418079096045
2018-06-20,aggro,56,178,31.46067415730337
2018-06-22,aggro,57,179,31.843575418994412
2018-06-23,aggro,57,182,31.318681318681318
2018-06-24,aggro,57,183,31.147540983606557
2018-06-30,aggro,58,186,31.182795698924732
2018-07-01,aggro,58,188,30.851063829787233
2018-07-04,aggro,58,190,30.526315789473685
2018-07-06,aggro,58,192,30.208333333333332
2018-07-07,aggro,59,194,30.412371134020617
2018-07-08,aggro,59,195,30.256410256410255
2018-07-09,aggro,59,196,30.102040816326532
2018-07-10,aggro,60,197,30.456852791878173
2018-07-11,aggro,61,199,30.65326633165829
2018-07-12,aggro,61,200,30.5
2018-07-14,aggro,62,203,30.541871921182267
2018-07-15,aggro,63,205,30.73170731707317
2018-07-16,aggro,63,206,30.58252427184466
2018-07-19,aggro,64,207,30.917874396135264
2018-07-26,aggro,64,208,30.76923076923077
2018-07-27,aggro,64,211,30.33175355450237
2018-07-29,aggro,65,214,30.373831775700936
2018-07-30,aggro,65,215,30.232558139534884
2018-08-01,aggro,66,216,30.555555555555557
2018-08-04,aggro,66,218,30.275229357798164
2018-08-05,aggro,67,220,30.454545454545453
2018-08-10,aggro,68,222,30.63063063063063
2018-08-11,aggro,68,224,30.357142857142858
2018-08-12,aggro,68,226,30.088495575221238
2018-08-15,aggro,70,228,30.70175438596491
2018-08-18,aggro,70,229,30.56768558951965
2018-08-19,aggro,70,230,30.434782608695652
2018-08-20,aggro,71,231,30.735930735930737
2018-08-22,aggro,71,232,30.603448275862068
2018-08-23,aggro,71,233,30.472103004291846
2018-08-26,aggro,71,235,30.21276595744681
2018-08-28,aggro,72,238,30.252100840336134
2018-08-29,aggro,73,239,30.543933054393307
2018-08-30,aggro,73,241,30.29045643153527
2018-08-31,aggro,73,243,30.041152263374485
2018-09-01,aggro,73,247,29.554655870445345
2018-09-02,aggro,73,249,29.31726907630522
2018-09-05,aggro,73,250,29.2
2018-09-06,aggro,73,251,29.083665338645417
2018-09-08,aggro,74,253,29.24901185770751
2018-09-09,aggro,74,254,29.133858267716537
2018-09-10,aggro,74,256,28.90625
2018-09-12,aggro,74,259,28.571428571428573
2018-09-15,aggro,75,261,28.735632183908045
2018-09-16,aggro,76,264,28.78787878787879
2018-09-17,aggro,76,265,28.67924528301887
2018-09-19,aggro,76,266,28.571428571428573
2018-09-20,aggro,76,267,28.46441947565543
2018-09-21,aggro,76,268,28.35820895522388
2018-09-22,aggro,77,270,28.51851851851852
2018-09-23,aggro,77,271,28.41328413284133
2018-09-24,aggro,77,272,28.308823529411764
2018-09-25,aggro,77,273,28.205128205128204
2018-09-26,aggro,77,274,28.1021897810219
2018-09-27,aggro,77,275,28
2018-09-29,aggro,78,278,28.057553956834532
2018-09-30,aggro,79,280,28.214285714285715
2018-10-01,aggro,79,281,28.11387900355872
2018-10-04,aggro,79,282,28.01418439716312
2018-10-05,aggro,79,283,27.915194346289752
2018-10-06,aggro,80,284,28.169014084507044
2018-10-07,aggro,80,286,27.972027972027973
2018-10-08,aggro,80,287,27.874564459930312
2018-10-10,aggro,80,288,27.77777777777778
2018-10-11,aggro,80,289,27.68166089965398
2018-10-13,aggro,81,293,27.64505119453925
2018-10-14,aggro,81,296,27.364864864864863
2018-10-17,aggro,82,297,27.60942760942761
2018-10-19,aggro,84,299,28.093645484949832
2018-10-21,aggro,85,301,28.239202657807308
2018-10-23,aggro,85,302,28.14569536423841
2018-10-27,aggro,85,303,28.05280528052805
2018-10-28,aggro,85,304,27.960526315789473
2018-10-29,aggro,85,305,27.868852459016395
2018-10-30,aggro,85,306,27.77777777777778
2018-11-05,aggro,86,307,28.01302931596091
2018-11-06,aggro,86,308,27.92207792207792
2018-11-08,aggro,86,309,27.831715210355988
2018-11-12,aggro,87,313,27.79552715654952
2018-11-14,aggro,87,314,27.70700636942675
2018-11-18,aggro,87,316,27.531645569620252
2018-11-19,aggro,87,317,27.444794952681388
2018-11-22,aggro,87,319,27.272727272727273
2018-11-24,aggro,87,322,27.018633540372672
2018-11-29,aggro,87,323,26.934984520123837
2018-11-30,aggro,87,324,26.85185185185185
2018-12-05,aggro,71,279,25.448028673835125
2018-12-07,aggro,70,278,25.179856115107913
2018-12-09,aggro,70,278,25.179856115107913
2018-12-11,aggro,70,278,25.179856115107913
2018-12-13,aggro,71,279,25.448028673835125
2018-12-16,aggro,71,280,25.357142857142858
2018-12-19,aggro,70,275,25.454545454545453
2018-12-22,aggro,69,275,25.09090909090909
2018-12-23,aggro,69,276,25
2018-12-25,aggro,68,276,24.63768115942029
2018-12-26,aggro,67,275,24.363636363636363
2018-12-27,aggro,67,276,24.27536231884058
2018-12-28,aggro,68,279,24.372759856630825
2018-12-29,aggro,68,279,24.372759856630825
2019-01-01,aggro,67,282,23.75886524822695
2019-01-02,aggro,68,285,23.859649122807017
2019-01-05,aggro,67,285,23.50877192982456
2019-01-06,aggro,67,285,23.50877192982456
2019-01-09,aggro,67,286,23.426573426573427
2019-02-10,aggro,64,281,22.775800711743774
2019-02-17,aggro,62,279,22.22222222222222
2019-04-12,aggro,52,249,20.883534136546185
2019-04-28,aggro,47,237,19.831223628691983
2019-05-26,aggro,46,227,20.26431718061674
2019-05-28,aggro,46,226,20.353982300884955
2019-06-08,aggro,45,223,20.179372197309416
2019-06-16,aggro,44,223,19.730941704035875
2019-07-02,aggro,46,226,20.353982300884955
2019-07-07,aggro,47,229,20.524017467248907
2019-07-28,aggro,41,218,18.807339449541285
2019-08-18,aggro,37,216,17.12962962962963
2019-09-03,aggro,34,212,16.037735849056602
2019-09-15,aggro,34,217,15.668202764976959
2019-10-12,aggro,33,205,16.097560975609756
2020-01-12,aggro,36,190,18.94736842105263
2020-03-20,aggro,44,220,20
2020-04-25,aggro,49,251,19.52191235059761
2020-07-03,aggro,60,304,19.736842105263158
2020-09-12,aggro,72,341,21.114369501466275
2021-01-31,aggro,80,352,22.727272727272727
2017-12-03,control,6,44,13.636363636363637
2017-12-04,control,7,46,15.217391304347826
2017-12-05,control,8,49,16.3265306122449
2017-12-07,control,8,50,16
2017-12-10,control,8,51,15.686274509803921
2017-12-14,control,8,52,15.384615384615385
2017-12-15,control,8,53,15.09433962264151
2017-12-16,control,8,55,14.545454545454545
2017-12-17,control,8,58,13.793103448275861
2017-12-18,control,8,59,13.559322033898304
2017-12-20,control,8,60,13.333333333333334
2017-12-22,control,8,61,13.114754098360656
2017-12-23,control,8,62,12.903225806451612
2017-12-25,control,9,65,13.846153846153847
2017-12-28,control,9,66,13.636363636363637
2017-12-29,control,9,67,13.432835820895523
2017-12-30,control,9,68,13.235294117647058
2018-01-01,control,9,69,13.043478260869565
2018-01-04,control,9,70,12.857142857142858
2018-01-05,control,9,72,12.5
2018-01-09,control,10,73,13.698630136986301
2018-01-15,control,10,75,13.333333333333334
2018-01-20,control,11,77,14.285714285714286
2018-01-21,control,12,80,15
2018-01-25,control,12,81,14.814814814814815
2018-01-27,control,12,82,14.634146341463415
2018-02-03,control,12,83,14.457831325301205
2018-02-05,control,12,84,14.285714285714286
2018-02-08,control,12,85,14.117647058823529
2018-02-09,control,13,86,15.116279069767442
2018-02-10,control,13,87,14.942528735632184
2018-02-11,control,13,89,14.606741573033707
2018-02-17,control,13,90,14.444444444444445
2018-02-23,control,13,92,14.130434782608695
2018-02-24,control,13,93,13.978494623655914
2018-02-25,control,13,94,13.829787234042554
2018-03-03,control,13,95,13.68421052631579
2018-03-04,control,14,96,14.583333333333334
2018-03-09,control,14,97,14.43298969072165
2018-03-10,control,15,99,15.151515151515152
2018-03-11,control,15,100,15
2018-03-17,control,15,105,14.285714285714286
2018-03-23,control,15,106,14.150943396226415
2018-03-24,control,16,109,14.678899082568808
2018-03-25,control,16,111,14.414414414414415
2018-03-28,control,16,112,14.285714285714286
2018-03-31,control,16,114,14.035087719298245
2018-04-01,control,17,118,14.40677966101695
2018-04-02,control,18,119,15.126050420168067
2018-04-04,control,19,120,15.833333333333334
2018-04-07,control,20,123,16.260162601626018
2018-04-08,control,20,125,16
2018-04-11,control,21,126,16.666666666666668
2018-04-12,control,21,127,16.53543307086614
2018-04-14,control,21,129,16.27906976744186
2018-04-15,control,22,130,16.923076923076923
2018-04-16,control,23,131,17.557251908396946
2018-04-17,control,25,133,18.796992481203006
2018-04-21,control,26,135,19.25925925925926
2018-04-22,control,27,138,19.565217391304348
2018-04-27,control,27,140,19.285714285714285
2018-04-28,control,28,142,19.718309859154928
2018-05-01,control,29,144,20.13888888888889
2018-05-03,control,29,145,20
2018-05-12,control,29,146,19.863013698630137
2018-05-13,control,30,148,20.27027027027027
2018-05-19,control,32,152,21.05263157894737
2018-05-20,control,33,153,21.568627450980394
2018-05-25,control,33,154,21.428571428571427
2018-05-26,control,33,156,21.153846153846153
2018-05-31,control,33,157,21.019108280254777
2018-06-01,control,33,159,20.754716981132077
2018-06-02,control,34,161,21.11801242236025
2018-06-03,control,34,162,20.987654320987655
2018-06-04,control,34,163,20.858895705521473
2018-06-05,control,34,164,20.73170731707317
2018-06-06,control,34,166,20.481927710843372
2018-06-08,control,34,168,20.238095238095237
2018-06-09,control,34,170,20
2018-06-10,control,34,171,19.883040935672515
2018-06-11,control,34,172,19.767441860465116
2018-06-13,control,35,174,20.114942528735632
2018-06-16,control,36,176,20.454545454545453
2018-06-17,control,36,177,20.338983050847457
2018-06-20,control,36,178,20.224719101123597
2018-06-22,control,36,179,20.11173184357542
2018-06-23,control,36,182,19.78021978021978
2018-06-24,control,36,183,19.672131147540984
2018-06-30,control,36,186,19.35483870967742
2018-07-01,control,37,188,19.680851063829788
2018-07-04,control,37,190,19.473684210526315
2018-07-06,control,37,192,19.270833333333332
2018-07-07,control,37,194,19.072164948453608
2018-07-08,control,37,195,18.974358974358974
2018-07-09,control,37,196,18.877551020408163
2018-07-10,control,37,197,18.781725888324875
2018-07-11,control,39,199,19.597989949748744
2018-07-12,control,39,200,19.5
2018-07-14,control,39,203,19.211822660098523
2018-07-15,control,39,205,19.024390243902438
2018-07-16,control,39,206,18.932038834951456
2018-07-19,control,39,207,18.840579710144926
2018-07-26,control,39,208,18.75
2018-07-27,control,39,211,18.48341232227488
2018-07-29,control,39,214,18.22429906542056
2018-07-30,control,39,215,18.13953488372093
2018-08-01,control,39,216,18.055555555555557
2018-08-04,control,40,218,18.34862385321101
2018-08-05,control,41,220,18.636363636363637
2018-08-10,control,41,222,18.46846846846847
2018-08-11,control,42,224,18.75
2018-08-12,control,43,226,19.02654867256637
2018-08-15,control,43,228,18.859649122807017
2018-08-18,control,43,229,18.777292576419214
2018-08-19,control,44,230,19.130434782608695
2018-08-20,control,44,231,19.047619047619047
2018-08-22,control,44,232,18.96551724137931
2018-08-23,control,44,233,18.88412017167382
2018-08-26,control,45,235,19.148936170212767
2018-08-28,control,45,238,18.907563025210084
2018-08-29,control,45,239,18.828451882845187
2018-08-30,control,46,241,19.08713692946058
2018-08-31,control,46,243,18.930041152263374
2018-09-01,control,46,247,18.62348178137652
2018-09-02,control,48,249,19.27710843373494
2018-09-05,control,48,250,19.2
2018-09-06,control,48,251,19.12350597609562
2018-09-08,control,50,253,19.76284584980237
2018-09-09,control,50,254,19.68503937007874
2018-09-10,control,51,256,19.921875
2018-09-12,control,51,259,19.69111969111969
2018-09-15,control,52,261,19.92337164750958
2018-09-16,control,53,264,20.075757575757574
2018-09-17,control,53,265,20
2018-09-19,control,53,266,19.924812030075188
2018-09-20,control,53,267,19.850187265917604
2018-09-21,control,53,268,19.776119402985074
2018-09-22,control,53,270,19.62962962962963
2018-09-23,control,53,271,19.55719557195572
2018-09-24,control,53,272,19.485294117647058
2018-09-25,control,53,273,19.413919413919412
2018-09-26,control,53,274,19.343065693430656
2018-09-27,control,53,275,19.272727272727273
2018-09-29,control,53,278,19.06474820143885
2018-09-30,control,53,280,18.928571428571427
2018-10-01,control,54,281,19.21708185053381
2018-10-04,control,54,282,19.148936170212767
2018-10-05,control,54,283,19.081272084805654
2018-10-06,control,54,284,19.014084507042252
2018-10-07,control,54,286,18.88111888111888
2018-10-08,control,55,287,19.16376306620209
2018-10-10,control,55,288,19.09722222222222
2018-10-11,control,55,289,19.031141868512112
2018-10-13,control,55,293,18.77133105802048
2018-10-14,control,55,296,18.58108108108108
2018-10-17,control,55,297,18.51851851851852
2018-10-19,control,56,299,18.729096989966557
2018-10-21,control,56,301,18.6046511627907
2018-10-23,control,56,302,18.543046357615893
2018-10-27,control,56,303,18.48184818481848
2018-10-28,control,56,304,18.42105263157895
2018-10-29,control,56,305,18.360655737704917
2018-10-30,control,56,306,18.30065359477124
2018-11-05,control,56,307,18.241042345276874
2018-11-06,control,57,308,18.506493506493506
2018-11-08,control,57,309,18.446601941747574
2018-11-12,control,57,313,18.210862619808307
2018-11-14,control,57,314,18.15286624203822
2018-11-18,control,58,316,18.354430379746834
2018-11-19,control,58,317,18.29652996845426
2018-11-22,control,58,319,18.181818181818183
2018-11-24,control,58,322,18.012422360248447
2018-11-29,control,58,323,17.956656346749227
2018-11-30,control,58,324,17.901234567901234
2018-12-05,control,52,279,18.63799283154122
2018-12-07,control,51,278,18.345323741007196
2018-12-09,control,52,278,18.705035971223023
2018-12-11,control,53,278,19.06474820143885
2018-12-13,control,54,279,19.35483870967742
2018-12-16,control,55,280,19.642857142857142
2018-12-19,control,55,275,20
2018-12-22,control,55,275,20
2018-12-23,control,55,276,19.92753623188406
2018-12-25,control,55,276,19.92753623188406
2018-12-26,control,55,275,20
2018-12-27,control,55,276,19.92753623188406
2018-12-28,control,58,279,20.788530465949822
2018-12-29,control,58,279,20.788530465949822
2019-01-01,control,58,282,20.56737588652482
2019-01-02,control,59,285,20.70175438596491
2019-01-05,control,59,285,20.70175438596491
2019-01-06,control,59,285,20.70175438596491
2019-01-09,control,59,286,20.62937062937063
2019-02-10,control,57,281,20.284697508896798
2019-02-17,control,57,279,20.43010752688172
2019-04-12,control,52,249,20.883534136546185
2019-04-28,control,47,237,19.831223628691983
2019-05-26,control,42,227,18.502202643171806
2019-05-28,control,42,226,18.58407079646018
2019-06-08,control,42,223,18.83408071748879
2019-06-16,control,41,223,18.385650224215247
2019-07-02,control,43,226,19.02654867256637
2019-07-07,control,43,229,18.777292576419214
2019-07-28,control,41,218,18.807339449541285
2019-08-18,control,40,216,18.51851851851852
2019-09-03,control,38,212,17.92452830188679
2019-09-15,control,38,217,17.51152073732719
2019-10-12,control,38,205,18.536585365853657
2020-01-12,control,30,190,15.789473684210526
2020-03-20,control,35,220,15.909090909090908
2020-04-25,control,38,251,15.139442231075698
2020-07-03,control,41,304,13.486842105263158
2020-09-12,control,49,341,14.36950146627566
2021-01-31,control,55,352,15.625
2017-12-03,midrange,20,44,45.45454545454545
2017-12-04,midrange,20,46,43.47826086956522
2017-12-05,midrange,21,49,42.857142857142854
2017-12-07,midrange,22,50,44
2017-12-10,midrange,23,51,45.09803921568628
2017-12-14,midrange,23,52,44.23076923076923
2017-12-15,midrange,24,53,45.283018867924525
2017-12-16,midrange,24,55,43.63636363636363
2017-12-17,midrange,25,58,43.10344827586207
2017-12-18,midrange,25,59,42.3728813559322
2017-12-20,midrange,25,60,41.666666666666664
2017-12-22,midrange,26,61,42.622950819672134
2017-12-23,midrange,26,62,41.935483870967744
2017-12-25,midrange,26,65,40
2017-12-28,midrange,27,66,40.90909090909091
2017-12-29,midrange,27,67,40.298507462686565
2017-12-30,midrange,27,68,39.705882352941174
2018-01-01,midrange,28,69,40.57971014492754
2018-01-04,midrange,28,70,40
2018-01-05,midrange,30,72,41.666666666666664
2018-01-09,midrange,30,73,41.0958904109589
2018-01-15,midrange,32,75,42.666666666666664
2018-01-20,midrange,32,77,41.55844155844156
2018-01-21,midrange,33,80,41.25
2018-01-25,midrange,33,81,40.74074074074074
2018-01-27,midrange,34,82,41.46341463414634
2018-02-03,midrange,35,83,42.16867469879518
2018-02-05,midrange,35,84,41.666666666666664
2018-02-08,midrange,35,85,41.1764705882353
2018-02-09,midrange,35,86,40.69767441860465
2018-02-10,midrange,35,87,40.229885057471265
2018-02-11,midrange,35,89,39.325842696629216
2018-02-17,midrange,35,90,38.888888888888886
2018-02-23,midrange,36,92,39.130434782608695
2018-02-24,midrange,36,93,38.70967741935484
2018-02-25,midrange,37,94,39.361702127659576
2018-03-03,midrange,38,95,40
2018-03-04,midrange,38,96,39.583333333333336
2018-03-09,midrange,39,97,40.20618556701031
2018-03-10,midrange,39,99,39.39393939393939
2018-03-11,midrange,40,100,40
2018-03-17,midrange,41,105,39.04761904761905
2018-03-23,midrange,42,106,39.62264150943396
2018-03-24,midrange,42,109,38.53211009174312
2018-03-25,midrange,44,111,39.63963963963964
2018-03-28,midrange,44,112,39.285714285714285
2018-03-31,midrange,44,114,38.59649122807018
2018-04-01,midrange,45,118,38.13559322033898
2018-04-02,midrange,45,119,37.81512605042017
2018-04-04,midrange,45,120,37.5
2018-04-07,midrange,45,123,36.58536585365854
2018-04-08,midrange,47,125,37.6
2018-04-11,midrange,47,126,37.301587301587304
2018-04-12,midrange,47,127,37.00787401574803
2018-04-14,midrange,48,129,37.2093023255814
2018-04-15,midrange,48,130,36.92307692307692
2018-04-16,midrange,48,131,36.6412213740458
2018-04-17,midrange,48,133,36.090225563909776
2018-04-21,midrange,48,135,35.55555555555556
2018-04-22,midrange,49,138,35.507246376811594
2018-04-27,midrange,49,140,35
2018-04-28,midrange,50,142,35.2112676056338
2018-05-01,midrange,50,144,34.72222222222222
2018-05-03,midrange,51,145,35.172413793103445
2018-05-12,midrange,51,146,34.93150684931507
2018-05-13,midrange,51,148,34.45945945945946
2018-05-19,midrange,52,152,34.21052631578947
2018-05-20,midrange,52,153,33.98692810457516
2018-05-25,midrange,53,154,34.41558441558441
2018-05-26,midrange,54,156,34.61538461538461
2018-05-31,midrange,54,157,34.394904458598724
2018-06-01,midrange,54,159,33.9622641509434
2018-06-02,midrange,54,161,33.54037267080745
2018-06-03,midrange,55,162,33.95061728395062
2018-06-04,midrange,55,163,33.74233128834356
2018-06-05,midrange,55,164,33.53658536585366
2018-06-06,midrange,55,166,33.13253012048193
2018-06-08,midrange,56,168,33.333333333333336
2018-06-09,midrange,56,170,32.94117647058823
2018-06-10,midrange,56,171,32.748538011695906
2018-06-11,midrange,57,172,33.13953488372093
2018-06-13,midrange,58,174,33.333333333333336
2018-06-16,midrange,58,176,32.95454545454545
2018-06-17,midrange,59,177,33.333333333333336
2018-06-20,midrange,59,178,33.146067415730336
2018-06-22,midrange,59,179,32.960893854748605
2018-06-23,midrange,61,182,33.51648351648352
2018-06-24,midrange,61,183,33.333333333333336
2018-06-30,midrange,62,186,33.333333333333336
2018-07-01,midrange,63,188,33.51063829787234
2018-07-04,midrange,64,190,33.68421052631579
2018-07-06,midrange,64,192,33.333333333333336
2018-07-07,midrange,65,194,33.50515463917526
2018-07-08,midrange,66,195,33.84615384615385
2018-07-09,midrange,66,196,33.673469387755105
2018-07-10,midrange,66,197,33.50253807106599
2018-07-11,midrange,66,199,33.165829145728644
2018-07-12,midrange,67,200,33.5
2018-07-14,midrange,67,203,33.004926108374384
2018-07-15,midrange,68,205,33.170731707317074
2018-07-16,midrange,69,206,33.49514563106796
2018-07-19,midrange,69,207,33.333333333333336
2018-07-26,midrange,70,208,33.65384615384615
2018-07-27,midrange,72,211,34.12322274881517
2018-07-29,midrange,73,214,34.11214953271028
2018-07-30,midrange,74,215,34.41860465116279
2018-08-01,midrange,74,216,34.25925925925926
2018-08-04,midrange,74,218,33.944954128440365
2018-08-05,midrange,74,220,33.63636363636363
2018-08-10,midrange,75,222,33.78378378378378
2018-08-11,midrange,75,224,33.482142857142854
2018-08-12,midrange,75,226,33.1858407079646
2018-08-15,midrange,75,228,32.89473684210526
2018-08-18,midrange,76,229,33.18777292576419
2018-08-19,midrange,76,230,33.04347826086956
2018-08-20,midrange,76,231,32.900432900432904
2018-08-22,midrange,76,232,32.758620689655174
2018-08-23,midrange,77,233,33.047210300429185
2018-08-26,midrange,77,235,32.765957446808514
2018-08-28,midrange,78,238,32.773109243697476
2018-08-29,midrange,78,239,32.63598326359833
2018-08-30,midrange,78,241,32.365145228215766
2018-08-31,midrange,80,243,32.92181069958848
2018-09-01,midrange,82,247,33.19838056680162
2018-09-02,midrange,82,249,32.93172690763052
2018-09-05,midrange,82,250,32.8
2018-09-06,midrange,83,251,33.06772908366534
2018-09-08,midrange,83,253,32.80632411067194
2018-09-09,midrange,83,254,32.67716535433071
2018-09-10,midrange,84,256,32.8125
2018-09-12,midrange,87,259,33.59073359073359
2018-09-15,midrange,88,261,33.71647509578544
2018-09-16,midrange,89,264,33.71212121212121
2018-09-17,midrange,89,265,33.58490566037736
2018-09-19,midrange,90,266,33.83458646616541
2018-09-20,midrange,90,267,33.70786516853933
2018-09-21,midrange,90,268,33.582089552238806
2018-09-22,midrange,90,270,33.333333333333336
2018-09-23,midrange,90,271,33.210332103321036
2018-09-24,midrange,91,272,33.455882352941174
2018-09-25,midrange,91,273,33.333333333333336
2018-09-26,midrange,92,274,33.57664233576642
2018-09-27,midrange,93,275,33.81818181818182
2018-09-29,midrange,94,278,33.81294964028777
2018-09-30,midrange,94,280,33.57142857142857
2018-10-01,midrange,94,281,33.45195729537367
2018-10-04,midrange,94,282,33.333333333333336
2018-10-05,midrange,95,283,33.56890459363957
2018-10-06,midrange,95,284,33.45070422535211
2018-10-07,midrange,96,286,33.56643356643357
2018-10-08,midrange,96,287,33.44947735191638
2018-10-10,midrange,97,288,33.68055555555556
2018-10-11,midrange,97,289,33.56401384083045
2018-10-13,midrange,99,293,33.78839590443686
2018-10-14,midrange,102,296,34.45945945945946
2018-10-17,midrange,102,297,34.343434343434346
2018-10-19,midrange,102,299,34.11371237458194
2018-10-21,midrange,103,301,34.21926910299003
2018-10-23,midrange,103,302,34.10596026490066
2018-10-27,midrange,104,303,34.32343234323432
2018-10-28,midrange,105,304,34.53947368421053
2018-10-29,midrange,106,305,34.75409836065574
2018-10-30,midrange,107,306,34.967320261437905
2018-11-05,midrange,107,307,34.85342019543974
2018-11-06,midrange,107,308,34.74025974025974
2018-11-08,midrange,107,309,34.627831715210355
2018-11-12,midrange,110,313,35.14376996805112
2018-11-14,midrange,110,314,35.031847133757964
2018-11-18,midrange,111,316,35.12658227848101
2018-11-19,midrange,111,317,35.01577287066246
2018-11-22,midrange,113,319,35.42319749216301
2018-11-24,midrange,115,322,35.714285714285715
2018-11-29,midrange,116,323,35.913312693498455
2018-11-30,midrange,117,324,36.111111111111114
2018-12-05,midrange,97,279,34.76702508960574
2018-12-07,midrange,98,278,35.25179856115108
2018-12-09,midrange,97,278,34.89208633093525
2018-12-11,midrange,96,278,34.53237410071942
2018-12-13,midrange,96,279,34.40860215053763
2018-12-16,midrange,96,280,34.285714285714285
2018-12-19,midrange,95,275,34.54545454545455
2018-12-22,midrange,95,275,34.54545454545455
2018-12-23,midrange,94,276,34.05797101449275
2018-12-25,midrange,95,276,34.42028985507246
2018-12-26,midrange,95,275,34.54545454545455
2018-12-27,midrange,95,276,34.42028985507246
2018-12-28,midrange,95,279,34.05017921146953
2018-12-29,midrange,94,279,33.691756272401435
2019-01-01,midrange,96,282,34.04255319148936
2019-01-02,midrange,96,285,33.68421052631579
2019-01-05,midrange,97,285,34.03508771929825
2019-01-06,midrange,95,285,33.333333333333336
2019-01-09,midrange,96,286,33.56643356643357
2019-02-10,midrange,95,281,33.80782918149466
2019-02-17,midrange,96,279,34.40860215053763
2019-04-12,midrange,86,249,34.53815261044177
2019-04-28,midrange,84,237,35.44303797468354
2019-05-26,midrange,80,227,35.242290748898675
2019-05-28,midrange,79,226,34.95575221238938
2019-06-08,midrange,81,223,36.32286995515695
2019-06-16,midrange,80,223,35.874439461883405
2019-07-02,midrange,81,226,35.84070796460177
2019-07-07,midrange,84,229,36.68122270742358
2019-07-28,midrange,83,218,38.07339449541284
2019-08-18,midrange,85,216,39.351851851851855
2019-09-03,midrange,84,212,39.62264150943396
2019-09-15,midrange,85,217,39.1705069124424
2019-10-12,midrange,83,205,40.48780487804878
2020-01-12,midrange,68,190,35.78947368421053
2020-03-20,midrange,72,220,32.72727272727273
2020-04-25,midrange,86,251,34.26294820717131
2020-07-03,midrange,108,304,35.526315789473685
2020-09-12,midrange,117,341,34.3108504398827
2021-01-31,midrange,129,352,36.64772727272727
2017-12-03,combo,1,44,2.272727272727273
2017-12-04,combo,1,46,2.1739130434782608
2017-12-05,combo,1,49,2.0408163265306123
2017-12-07,combo,1,50,2
2017-12-10,combo,1,51,1.9607843137254901
2017-12-14,combo,1,52,1.9230769230769231
2017-12-15,combo,1,53,1.8867924528301887
2017-12-16,combo,2,55,3.6363636363636362
2017-12-17,combo,4,58,6.896551724137931
2017-12-18,combo,4,59,6.779661016949152
2017-12-20,combo,4,60,6.666666666666667
2017-12-22,combo,4,61,6.557377049180328
2017-12-23,combo,4,62,6.451612903225806
2017-12-25,combo,4,65,6.153846153846154
2017-12-28,combo,4,66,6.0606060606060606
2017-12-29,combo,4,67,5.970149253731344
2017-12-30,combo,4,68,5.882352941176471
2018-01-01,combo,4,69,5.797101449275362
2018-01-04,combo,4,70,5.714285714285714
2018-01-05,combo,4,72,5.555555555555555
2018-01-09,combo,4,73,5.47945205479452
2018-01-15,combo,4,75,5.333333333333333
2018-01-20,combo,5,77,6.4935064935064934
2018-01-21,combo,5,80,6.25
2018-01-25,combo,5,81,6.172839506172839
2018-01-27,combo,5,82,6.097560975609756
2018-02-03,combo,5,83,6.024096385542169
2018-02-05,combo,6,84,7.142857142857143
2018-02-08,combo,6,85,7.0588235294117645
2018-02-09,combo,6,86,6.976744186046512
2018-02-10,combo,6,87,6.896551724137931
2018-02-11,combo,7,89,7.865168539325842
2018-02-17,combo,8,90,8.88888888888889
2018-02-23,combo,9,92,9.782608695652174
2018-02-24,combo,10,93,10.75268817204301
2018-02-25,combo,10,94,10.638297872340425
2018-03-03,combo,10,95,10.526315789473685
2018-03-04,combo,10,96,10.416666666666666
2018-03-09,combo,10,97,10.309278350515465
2018-03-10,combo,11,99,11.11111111111111
2018-03-11,combo,11,100,11
2018-03-17,combo,11,105,10.476190476190476
2018-03-23,combo,11,106,10.377358490566039
2018-03-24,combo,13,109,11.926605504587156
2018-03-25,combo,13,111,11.711711711711711
2018-03-28,combo,13,112,11.607142857142858
2018-03-31,combo,13,114,11.403508771929825
2018-04-01,combo,13,118,11.016949152542374
2018-04-02,combo,13,119,10.92436974789916
2018-04-04,combo,13,120,10.833333333333334
2018-04-07,combo,13,123,10.56910569105691
2018-04-08,combo,13,125,10.4
2018-04-11,combo,13,126,10.317460317460318
2018-04-12,combo,13,127,10.236220472440944
2018-04-14,combo,13,129,10.077519379844961
2018-04-15,combo,13,130,10
2018-04-16,combo,13,131,9.923664122137405
2018-04-17,combo,13,133,9.774436090225564
2018-04-21,combo,14,135,10.37037037037037
2018-04-22,combo,14,138,10.144927536231885
2018-04-27,combo,14,140,10
2018-04-28,combo,14,142,9.859154929577464
2018-05-01,combo,14,144,9.722222222222221
2018-05-03,combo,14,145,9.655172413793103
2018-05-12,combo,14,146,9.58904109589041
2018-05-13,combo,14,148,9.45945945945946
2018-05-19,combo,15,152,9.868421052631579
2018-05-20,combo,15,153,9.803921568627452
2018-05-25,combo,15,154,9.74025974025974
2018-05-26,combo,15,156,9.615384615384615
2018-05-31,combo,16,157,10.19108280254777
2018-06-01,combo,17,159,10.69182389937107
2018-06-02,combo,17,161,10.559006211180124
2018-06-03,combo,17,162,10.493827160493828
2018-06-04,combo,18,163,11.042944785276074
2018-06-05,combo,18,164,10.975609756097562
2018-06-06,combo,18,166,10.843373493975903
2018-06-08,combo,19,168,11.30952380952381
2018-06-09,combo,19,170,11.176470588235293
2018-06-10,combo,19,171,11.11111111111111
2018-06-11,combo,19,172,11.046511627906977
2018-06-13,combo,19,174,10.919540229885058
2018-06-16,combo,19,176,10.795454545454545
2018-06-17,combo,19,177,10.734463276836157
2018-06-20,combo,20,178,11.235955056179776
2018-06-22,combo,20,179,11.1731843575419
2018-06-23,combo,20,182,10.989010989010989
2018-06-24,combo,21,183,11.475409836065573
2018-06-30,combo,22,186,11.827956989247312
2018-07-01,combo,22,188,11.702127659574469
2018-07-04,combo,23,190,12.105263157894736
2018-07-06,combo,25,192,13.020833333333334
2018-07-07,combo,25,194,12.88659793814433
2018-07-08,combo,25,195,12.820512820512821
2018-07-09,combo,26,196,13.26530612244898
2018-07-10,combo,26,197,13.197969543147208
2018-07-11,combo,26,199,13.06532663316583
2018-07-12,combo,26,200,13
2018-07-14,combo,27,203,13.300492610837438
2018-07-15,combo,27,205,13.170731707317072
2018-07-16,combo,27,206,13.106796116504855
2018-07-19,combo,27,207,13.043478260869565
2018-07-26,combo,27,208,12.98076923076923
2018-07-27,combo,28,211,13.270142180094787
2018-07-29,combo,28,214,13.08411214953271
2018-07-30,combo,28,215,13.023255813953488
2018-08-01,combo,28,216,12.962962962962964
2018-08-04,combo,28,218,12.844036697247706
2018-08-05,combo,28,220,12.727272727272727
2018-08-10,combo,28,222,12.612612612612613
2018-08-11,combo,29,224,12.946428571428571
2018-08-12,combo,29,226,12.831858407079647
2018-08-15,combo,29,228,12.719298245614034
2018-08-18,combo,29,229,12.663755458515285
2018-08-19,combo,29,230,12.608695652173912
2018-08-20,combo,29,231,12.554112554112555
2018-08-22,combo,30,232,12.931034482758621
2018-08-23,combo,30,233,12.875536480686696
2018-08-26,combo,31,235,13.191489361702128
2018-08-28,combo,32,238,13.445378151260504
2018-08-29,combo,32,239,13.389121338912133
2018-08-30,combo,33,241,13.692946058091286
2018-08-31,combo,34,243,13.991769547325102
2018-09-01,combo,35,247,14.17004048582996
2018-09-02,combo,35,249,14.056224899598394
2018-09-05,combo,35,250,14
2018-09-06,combo,35,251,13.944223107569721
2018-09-08,combo,35,253,13.83399209486166
2018-09-09,combo,35,254,13.779527559055119
2018-09-10,combo,35,256,13.671875
2018-09-12,combo,35,259,13.513513513513514
2018-09-15,combo,35,261,13.409961685823754
2018-09-16,combo,35,264,13.257575757575758
2018-09-17,combo,36,265,13.584905660377359
2018-09-19,combo,36,266,13.533834586466165
2018-09-20,combo,37,267,13.857677902621722
2018-09-21,combo,37,268,13.805970149253731
2018-09-22,combo,38,270,14.074074074074074
2018-09-23,combo,39,271,14.391143911439114
2018-09-24,combo,39,272,14.338235294117647
2018-09-25,combo,39,273,14.285714285714286
2018-09-26,combo,39,274,14.233576642335766
2018-09-27,combo,39,275,14.181818181818182
2018-09-29,combo,39,278,14.028776978417266
2018-09-30,combo,39,280,13.928571428571429
2018-10-01,combo,39,281,13.87900355871886
2018-10-04,combo,39,282,13.829787234042554
2018-10-05,combo,39,283,13.780918727915195
2018-10-06,combo,39,284,13.732394366197184
2018-10-07,combo,40,286,13.986013986013987
2018-10-08,combo,40,287,13.937282229965156
2018-10-10,combo,40,288,13.88888888888889
2018-10-11,combo,40,289,13.84083044982699
2018-10-13,combo,40,293,13.651877133105803
2018-10-14,combo,41,296,13.85135135135135
2018-10-17,combo,41,297,13.804713804713804
2018-10-19,combo,41,299,13.7123745819398
2018-10-21,combo,41,301,13.621262458471762
2018-10-23,combo,41,302,13.57615894039735
2018-10-27,combo,41,303,13.531353135313532
2018-10-28,combo,41,304,13.486842105263158
2018-10-29,combo,41,305,13.442622950819672
2018-10-30,combo,41,306,13.398692810457517
2018-11-05,combo,41,307,13.355048859934854
2018-11-06,combo,41,308,13.311688311688311
2018-11-08,combo,41,309,13.268608414239482
2018-11-12,combo,41,313,13.099041533546325
2018-11-14,combo,42,314,13.375796178343949
2018-11-18,combo,42,316,13.291139240506329
2018-11-19,combo,43,317,13.564668769716087
2018-11-22,combo,43,319,13.47962382445141
2018-11-24,combo,43,322,13.354037267080745
2018-11-29,combo,43,323,13.312693498452012
2018-11-30,combo,43,324,13.271604938271604
2018-12-05,combo,42,279,15.053763440860216
2018-12-07,combo,42,278,15.107913669064748
2018-12-09,combo,42,278,15.107913669064748
2018-12-11,combo,42,278,15.107913669064748
2018-12-13,combo,42,279,15.053763440860216
2018-12-16,combo,42,280,15
2018-12-19,combo,40,275,14.545454545454545
2018-12-22,combo,41,275,14.909090909090908
2018-12-23,combo,43,276,15.579710144927537
2018-12-25,combo,43,276,15.579710144927537
2018-12-26,combo,43,275,15.636363636363637
2018-12-27,combo,43,276,15.579710144927537
2018-12-28,combo,43,279,15.412186379928315
2018-12-29,combo,43,279,15.412186379928315
2019-01-01,combo,43,282,15.24822695035461
2019-01-02,combo,43,285,15.087719298245615
2019-01-05,combo,43,285,15.087719298245615
2019-01-06,combo,44,285,15.43859649122807
2019-01-09,combo,44,286,15.384615384615385
2019-02-10,combo,42,281,14.946619217081851
2019-02-17,combo,41,279,14.695340501792115
2019-04-12,combo,36,249,14.457831325301205
2019-04-28,combo,36,237,15.189873417721518
2019-05-26,combo,36,227,15.859030837004406
2019-05-28,combo,36,226,15.929203539823009
2019-06-08,combo,34,223,15.246636771300448
2019-06-16,combo,35,223,15.695067264573991
2019-07-02,combo,36,226,15.929203539823009
2019-07-07,combo,35,229,15.283842794759826
2019-07-28,combo,33,218,15.137614678899082
2019-08-18,combo,37,216,17.12962962962963
2019-09-03,combo,37,212,17.452830188679247
2019-09-15,combo,40,217,18.433179723502302
2019-10-12,combo,38,205,18.536585365853657
2020-01-12,combo,47,190,24.736842105263158
2020-03-20,combo,57,220,25.90909090909091
2020-04-25,combo,61,251,24.302788844621514
2020-07-03,combo,74,304,24.342105263157894
2020-09-12,combo,74,341,21.700879765395893
2021-01-31,combo,59,352,16.761363636363637
2017-12-03,ramp,7,44,15.909090909090908
2017-12-04,ramp,7,46,15.217391304347826
2017-12-05,ramp,7,49,14.285714285714286
2017-12-07,ramp,7,50,14
2017-12-10,ramp,7,51,13.72549019607843
2017-12-14,ramp,7,52,13.461538461538462
2017-12-15,ramp,7,53,13.20754716981132
2017-12-16,ramp,7,55,12.727272727272727
2017-12-17,ramp,7,58,12.068965517241379
2017-12-18,ramp,8,59,13.559322033898304
2017-12-20,ramp,8,60,13.333333333333334
2017-12-22,ramp,8,61,13.114754098360656
2017-12-23,ramp,8,62,12.903225806451612
2017-12-25,ramp,9,65,13.846153846153847
2017-12-28,ramp,9,66,13.636363636363637
2017-12-29,ramp,9,67,13.432835820895523
2017-12-30,ramp,10,68,14.705882352941176
2018-01-01,ramp,10,69,14.492753623188406
2018-01-04,ramp,10,70,14.285714285714286
2018-01-05,ramp,10,72,13.88888888888889
2018-01-09,ramp,10,73,13.698630136986301
2018-01-15,ramp,10,75,13.333333333333334
2018-01-20,ramp,10,77,12.987012987012987
2018-01-21,ramp,11,80,13.75
2018-01-25,ramp,11,81,13.580246913580247
2018-01-27,ramp,11,82,13.414634146341463
2018-02-03,ramp,11,83,13.25301204819277
2018-02-05,ramp,11,84,13.095238095238095
2018-02-08,ramp,11,85,12.941176470588236
2018-02-09,ramp,11,86,12.790697674418604
2018-02-10,ramp,11,87,12.64367816091954
2018-02-11,ramp,11,89,12.359550561797754
2018-02-17,ramp,11,90,12.222222222222221
2018-02-23,ramp,11,92,11.956521739130435
2018-02-24,ramp,11,93,11.827956989247312
2018-02-25,ramp,11,94,11.702127659574469
2018-03-03,ramp,11,95,11.578947368421053
2018-03-04,ramp,11,96,11.458333333333334
2018-03-09,ramp,11,97,11.34020618556701
2018-03-10,ramp,11,99,11.11111111111111
2018-03-11,ramp,11,100,11
2018-03-17,ramp,11,105,10.476190476190476
2018-03-23,ramp,11,106,10.377358490566039
2018-03-24,ramp,11,109,10.091743119266056
2018-03-25,ramp,11,111,9.90990990990991
2018-03-28,ramp,11,112,9.821428571428571
2018-03-31,ramp,11,114,9.649122807017545
2018-04-01,ramp,11,118,9.322033898305085
2018-04-02,ramp,11,119,9.243697478991596
2018-04-04,ramp,11,120,9.166666666666666
2018-04-07,ramp,13,123,10.56910569105691
2018-04-08,ramp,13,125,10.4
2018-04-11,ramp,13,126,10.317460317460318
2018-04-12,ramp,14,127,11.023622047244094
2018-04-14,ramp,14,129,10.852713178294573
2018-04-15,ramp,14,130,10.76923076923077
2018-04-16,ramp,14,131,10.687022900763358
2018-04-17,ramp,14,133,10.526315789473685
2018-04-21,ramp,14,135,10.37037037037037
2018-04-22,ramp,15,138,10.869565217391305
2018-04-27,ramp,16,140,11.428571428571429
2018-04-28,ramp,16,142,11.267605633802816
2018-05-01,ramp,16,144,11.11111111111111
2018-05-03,ramp,16,145,11.03448275862069
2018-05-12,ramp,16,146,10.95890410958904
2018-05-13,ramp,17,148,11.486486486486486
2018-05-19,ramp,17,152,11.18421052631579
2018-05-20,ramp,17,153,11.11111111111111
2018-05-25,ramp,17,154,11.03896103896104
2018-05-26,ramp,18,156,11.538461538461538
2018-05-31,ramp,18,157,11.464968152866241
2018-06-01,ramp,19,159,11.949685534591195
2018-06-02,ramp,19,161,11.801242236024844
2018-06-03,ramp,19,162,11.728395061728396
2018-06-04,ramp,19,163,11.656441717791411
2018-06-05,ramp,19,164,11.585365853658537
2018-06-06,ramp,21,166,12.650602409638553
2018-06-08,ramp,21,168,12.5
2018-06-09,ramp,22,170,12.941176470588236
2018-06-10,ramp,22,171,12.865497076023392
2018-06-11,ramp,22,172,12.790697674418604
2018-06-13,ramp,22,174,12.64367816091954
2018-06-16,ramp,22,176,12.5
2018-06-17,ramp,22,177,12.429378531073446
2018-06-20,ramp,22,178,12.359550561797754
2018-06-22,ramp,22,179,12.29050279329609
2018-06-23,ramp,23,182,12.637362637362637
2018-06-24,ramp,23,183,12.568306010928962
2018-06-30,ramp,23,186,12.365591397849462
2018-07-01,ramp,23,188,12.23404255319149
2018-07-04,ramp,23,190,12.105263157894736
2018-07-06,ramp,23,192,11.979166666666666
2018-07-07,ramp,23,194,11.855670103092784
2018-07-08,ramp,23,195,11.794871794871796
2018-07-09,ramp,23,196,11.73469387755102
2018-07-10,ramp,23,197,11.6751269035533
2018-07-11,ramp,23,199,11.557788944723619
2018-07-12,ramp,23,200,11.5
2018-07-14,ramp,24,203,11.822660098522167
2018-07-15,ramp,24,205,11.707317073170731
2018-07-16,ramp,24,206,11.650485436893204
2018-07-19,ramp,24,207,11.594202898550725
2018-07-26,ramp,24,208,11.538461538461538
2018-07-27,ramp,24,211,11.374407582938389
2018-07-29,ramp,25,214,11.682242990654206
2018-07-30,ramp,25,215,11.627906976744185
2018-08-01,ramp,25,216,11.574074074074074
2018-08-04,ramp,26,218,11.926605504587156
2018-08-05,ramp,26,220,11.818181818181818
2018-08-10,ramp,26,222,11.711711711711711
2018-08-11,ramp,26,224,11.607142857142858
2018-08-12,ramp,27,226,11.946902654867257
2018-08-15,ramp,27,228,11.842105263157896
2018-08-18,ramp,27,229,11.790393013100436
2018-08-19,ramp,27,230,11.73913043478261
2018-08-20,ramp,27,231,11.688311688311689
2018-08-22,ramp,27,232,11.637931034482758
2018-08-23,ramp,27,233,11.587982832618026
2018-08-26,ramp,27,235,11.48936170212766
2018-08-28,ramp,27,238,11.344537815126051
2018-08-29,ramp,27,239,11.297071129707113
2018-08-30,ramp,27,241,11.203319502074688
2018-08-31,ramp,27,243,11.11111111111111
2018-09-01,ramp,28,247,11.336032388663968
2018-09-02,ramp,28,249,11.244979919678714
2018-09-05,ramp,29,250,11.6
2018-09-06,ramp,29,251,11.55378486055777
2018-09-08,ramp,29,253,11.462450592885375
2018-09-09,ramp,30,254,11.811023622047244
2018-09-10,ramp,30,256,11.71875
2018-09-12,ramp,30,259,11.583011583011583
2018-09-15,ramp,30,261,11.494252873563218
2018-09-16,ramp,30,264,11.363636363636363
2018-09-17,ramp,31,265,11.69811320754717
2018-09-19,ramp,31,266,11.654135338345865
2018-09-20,ramp,31,267,11.610486891385769
2018-09-21,ramp,32,268,11.940298507462687
2018-09-22,ramp,32,270,11.851851851851851
2018-09-23,ramp,32,271,11.808118081180812
2018-09-24,ramp,32,272,11.764705882352942
2018-09-25,ramp,33,273,12.087912087912088
2018-09-26,ramp,33,274,12.043795620437956
2018-09-27,ramp,33,275,12
2018-09-29,ramp,34,278,12.23021582733813
2018-09-30,ramp,35,280,12.5
2018-10-01,ramp,35,281,12.455516014234876
2018-10-04,ramp,36,282,12.76595744680851
2018-10-05,ramp,36,283,12.720848056537102
2018-10-06,ramp,36,284,12.67605633802817
2018-10-07,ramp,36,286,12.587412587412587
2018-10-08,ramp,36,287,12.543554006968641
2018-10-10,ramp,36,288,12.5
2018-10-11,ramp,37,289,12.802768166089965
2018-10-13,ramp,38,293,12.969283276450511
2018-10-14,ramp,38,296,12.837837837837839
2018-10-17,ramp,38,297,12.794612794612794
2018-10-19,ramp,38,299,12.709030100334449
2018-10-21,ramp,38,301,12.624584717607974
2018-10-23,ramp,39,302,12.913907284768213
2018-10-27,ramp,39,303,12.871287128712872
2018-10-28,ramp,39,304,12.828947368421053
2018-10-29,ramp,39,305,12.78688524590164
2018-10-30,ramp,39,306,12.745098039215685
2018-11-05,ramp,39,307,12.703583061889251
2018-11-06,ramp,39,308,12.662337662337663
2018-11-08,ramp,40,309,12.944983818770227
2018-11-12,ramp,40,313,12.779552715654953
2018-11-14,ramp,40,314,12.738853503184714
2018-11-18,ramp,40,316,12.658227848101266
2018-11-19,ramp,40,317,12.618296529968454
2018-11-22,ramp,40,319,12.539184952978056
2018-11-24,ramp,41,322,12.732919254658386
2018-11-29,ramp,41,323,12.693498452012383
2018-11-30,ramp,41,324,12.654320987654321
2018-12-05,ramp,34,279,12.186379928315413
2018-12-07,ramp,34,278,12.23021582733813
2018-12-09,ramp,34,278,12.23021582733813
2018-12-11,ramp,34,278,12.23021582733813
2018-12-13,ramp,34,279,12.186379928315413
2018-12-16,ramp,34,280,12.142857142857142
2018-12-19,ramp,33,275,12
2018-12-22,ramp,33,275,12
2018-12-23,ramp,33,276,11.956521739130435
2018-12-25,ramp,33,276,11.956521739130435
2018-12-26,ramp,33,275,12
2018-12-27,ramp,34,276,12.318840579710145
2018-12-28,ramp,34,279,12.186379928315413
2018-12-29,ramp,35,279,12.544802867383513
2019-01-01,ramp,37,282,13.120567375886525
2019-01-02,ramp,38,285,13.333333333333334
2019-01-05,ramp,38,285,13.333333333333334
2019-01-06,ramp,39,285,13.68421052631579
2019-01-09,ramp,39,286,13.636363636363637
2019-02-10,ramp,40,281,14.234875444839858
2019-02-17,ramp,40,279,14.336917562724015
2019-04-12,ramp,39,249,15.662650602409638
2019-04-28,ramp,36,237,15.189873417721518
2019-05-26,ramp,35,227,15.418502202643172
2019-05-28,ramp,35,226,15.486725663716815
2019-06-08,ramp,33,223,14.798206278026905
2019-06-16,ramp,34,223,15.246636771300448
2019-07-02,ramp,33,226,14.601769911504425
2019-07-07,ramp,33,229,14.410480349344978
2019-07-28,ramp,32,218,14.678899082568808
2019-08-18,ramp,29,216,13.425925925925926
2019-09-03,ramp,30,212,14.150943396226415
2019-09-15,ramp,30,217,13.824884792626728
2019-10-12,ramp,23,205,11.21951219512195
2020-01-12,ramp,16,190,8.421052631578947
2020-03-20,ramp,19,220,8.636363636363637
2020-04-25,ramp,23,251,9.163346613545817
2020-07-03,ramp,28,304,9.210526315789474
2020-09-12,ramp,38,341,11.143695014662757
2021-01-31,ramp,40,352,11.363636363636363
